dataset,site,subject,session,missing_task
int,NE,0,ses-1,ATS
int,NE,0,ses-1,DSST
int,NE,0,ses-1,FN
int,NE,0,ses-1,LC
int,NE,0,ses-1,NF
int,NE,0,ses-1,NNB
int,NE,0,ses-1,NTS
int,NE,0,ses-1,SM
int,NE,0,ses-1,VNB
int,NE,0,ses-33,DSST
int,NE,0,ses-33,DWL
int,NE,0,ses-33,FN
int,NE,0,ses-33,LC
int,NE,0,ses-33,NF
int,NE,0,ses-33,PC
int,NE,0,ses-33,SM
int,NE,0,ses-33,VNB
int,NE,00,ses-1,AF
int,NE,00,ses-1,ATS
int,NE,00,ses-1,DSST
int,NE,00,ses-1,DWL
int,NE,00,ses-1,FN
int,NE,00,ses-1,LC
int,NE,00,ses-1,NNB
int,NE,00,ses-1,NTS
int,NE,00,ses-1,PC
int,NE,00,ses-1,SM
int,NE,00,ses-1,VNB
int,NE,00,ses-1,WL
int,NE,00,ses-33,AF
int,NE,00,ses-33,ATS
int,NE,00,ses-33,DSST
int,NE,00,ses-33,DWL
int,NE,00,ses-33,FN
int,NE,00,ses-33,LC
int,NE,00,ses-33,NNB
int,NE,00,ses-33,NTS
int,NE,00,ses-33,PC
int,NE,00,ses-33,SM
int,NE,00,ses-33,VNB
int,NE,00,ses-33,WL
int,NE,1,ses-1,DSST
int,NE,1,ses-1,LC
int,NE,1,ses-1,SM
int,NE,1111,ses-1,AF
int,NE,1111,ses-1,ATS
int,NE,1111,ses-1,DSST
int,NE,1111,ses-1,DWL
int,NE,1111,ses-1,FN
int,NE,1111,ses-1,NNB
int,NE,1111,ses-1,NTS
int,NE,1111,ses-1,PC
int,NE,1111,ses-1,SM
int,NE,1111,ses-1,VNB
int,NE,1511,ses-1,AF
int,NE,1511,ses-1,ATS
int,NE,1511,ses-1,DSST
int,NE,1511,ses-1,DWL
int,NE,1511,ses-1,FN
int,NE,1511,ses-1,LC
int,NE,1511,ses-1,NNB
int,NE,1511,ses-1,PC
int,NE,1511,ses-1,SM
int,NE,1511,ses-1,VNB
int,NE,1511,ses-1,WL
int,NE,1538,ses-1,AF
int,NE,1538,ses-1,ATS
int,NE,1538,ses-1,DSST
int,NE,1538,ses-1,DWL
int,NE,1538,ses-1,FN
int,NE,1538,ses-1,LC
int,NE,1538,ses-1,NNB
int,NE,1538,ses-1,NTS
int,NE,1538,ses-1,PC
int,NE,1538,ses-1,SM
int,NE,1538,ses-1,VNB
int,NE,1538,ses-1,WL
int,NE,8,ses-1,AF
int,NE,8,ses-1,DSST
int,NE,8,ses-1,DWL
int,NE,8,ses-1,FN
int,NE,8,ses-1,LC
int,NE,8,ses-1,NF
int,NE,8,ses-1,NNB
int,NE,8,ses-1,NTS
int,NE,8,ses-1,PC
int,NE,8,ses-1,SM
int,NE,8,ses-1,VNB
int,NE,8,ses-1,WL
int,NE,9005,ses-3,VNB
int,NE,9007,ses-1,WL
int,NE,9008,ses-1,SM
int,NE,9009,ses-2,DSST
int,NE,9009,ses-2,VNB
int,NE,9010,ses-3,NF
int,NE,9010,ses-3,NTS
int,NE,9013,ses-3,NNB
int,NE,9013,ses-2,VNB
int,NE,9015,ses-2,VNB
int,NE,9017,ses-3,LC
int,NE,9017,ses-3,VNB
int,NE,9019,ses-3,VNB
int,NE,9020,ses-1,NF
int,NE,9021,ses-1,VNB
int,NE,9021,ses-2,VNB
int,NE,9023,ses-1,VNB
int,NE,9024,ses-1,VNB
int,NE,9028,ses-2,NNB
int,NE,9028,ses-2,VNB
int,NE,9028,ses-1,VNB
int,NE,9029,ses-3,VNB
int,NE,9029,ses-1,NNB
int,NE,9029,ses-1,VNB
int,NE,9031,ses-3,NNB
int,NE,9031,ses-3,VNB
int,NE,9031,ses-2,VNB
int,NE,9033,ses-2,VNB
int,NE,9033,ses-1,DWL
int,NE,9033,ses-1,NNB
int,NE,9033,ses-1,NTS
int,NE,9033,ses-1,VNB
int,NE,9034,ses-1,VNB
int,NE,9035,ses-1,NNB
int,NE,9035,ses-1,VNB
int,NE,9035,ses-2,VNB
int,NE,9038,ses-1,VNB
int,NE,9045,ses-1,DSST
int,NE,9045,ses-2,VNB
int,NE,9047,ses-2,FN
int,NE,9049,ses-1,VNB
int,NE,9051,ses-2,NTS
int,NE,9051,ses-2,VNB
int,NE,9053,ses-1,ATS
int,NE,9053,ses-1,DSST
int,NE,9053,ses-1,DWL
int,NE,9053,ses-1,FN
int,NE,9053,ses-1,LC
int,NE,9053,ses-1,PC
int,NE,9053,ses-1,SM
int,NE,9053,ses-1,VNB
int,NE,9053,ses-1,WL
int,NE,9054,ses-2,VNB
int,NE,9057,ses-2,VNB
int,NE,9059,ses-2,VNB
int,NE,9064,ses-1,VNB
int,NE,9068,ses-1,VNB
int,NE,9070,ses-2,VNB
int,NE,9070,ses-1,DWL
int,NE,9070,ses-1,VNB
int,NE,9071,ses-1,VNB
int,NE,9073,ses-2,VNB
int,NE,9074,ses-2,VNB
int,NE,9077,ses-1,VNB
int,NE,9080,ses-1,VNB
int,NE,9082,ses-1,VNB
int,NE,9084,ses-1,VNB
int,NE,9092,ses-1,VNB
int,NE,9094,ses-1,VNB
int,UI,8004,ses-3,AF
int,UI,8005,ses-3,VNB
int,UI,8005,ses-2,NNB
int,UI,8005,ses-2,NTS
int,UI,8006,ses-3,DSST
int,UI,8006,ses-3,LC
int,UI,8006,ses-3,PC
int,UI,8007,ses-1,DSST
int,UI,8007,ses-1,DWL
int,UI,8007,ses-1,FN
int,UI,8007,ses-1,LC
int,UI,8007,ses-1,PC
int,UI,8007,ses-1,SM
int,UI,8008,ses-3,DWL
int,UI,8008,ses-2,NF
int,UI,8009,ses-3,DSST
int,UI,8009,ses-3,FN
int,UI,8009,ses-3,VNB
int,UI,8012,ses-3,VNB
int,UI,8018,ses-2,VNB
int,UI,8019,ses-2,FN
int,UI,8019,ses-3,NNB
int,UI,8019,ses-3,VNB
int,UI,8020,ses-3,VNB
int,UI,8020,ses-1,AF
int,UI,8020,ses-1,ATS
int,UI,8020,ses-1,FN
int,UI,8020,ses-1,NF
int,UI,8020,ses-1,NNB
int,UI,8020,ses-1,NTS
int,UI,8020,ses-1,SM
int,UI,8020,ses-1,VNB
int,UI,8021,ses-2,NTS
int,UI,8022,ses-3,PC
int,UI,8023,ses-3,DSST
int,UI,8023,ses-3,DWL
int,UI,8023,ses-3,LC
int,UI,8023,ses-3,PC
int,UI,8023,ses-3,VNB
int,UI,8024,ses-2,VNB
int,UI,8026,ses-2,VNB
int,UI,8031,ses-3,VNB
int,UI,8032,ses-2,VNB
int,UI,8032,ses-3,NF
int,UI,8036,ses-1,DSST
int,UI,8036,ses-2,VNB
int,UI,8037,ses-3,VNB
int,UI,8038,ses-3,VNB
int,UI,8046,ses-1,VNB
int,UI,8047,ses-3,VNB
int,UI,8048,ses-3,VNB
int,UI,8053,ses-1,VNB
int,UI,8054,ses-1,VNB
int,UI,8060,ses-3,VNB
int,UI,8061,ses-1,VNB
int,UI,8063,ses-1,FN
int,UI,8065,ses-1,SM
int,UI,8065,ses-1,VNB
int,UI,8068,ses-2,VNB
int,UI,8069,ses-2,AF
int,UI,8070,ses-2,VNB
int,UI,8072,ses-1,VNB
int,UI,8073,ses-2,VNB
int,UI,8073,ses-1,DSST
int,UI,8073,ses-1,DWL
int,UI,8073,ses-1,FN
int,UI,8073,ses-1,LC
int,UI,8073,ses-1,PC
int,UI,8073,ses-1,SM
int,UI,8073,ses-1,VNB
int,UI,8073,ses-1,WL
int,UI,8073,ses-3,DWL
int,UI,8074,ses-2,VNB
int,UI,8076,ses-1,VNB
int,UI,8078,ses-2,DWL
int,UI,8079,ses-3,VNB
int,UI,8083,ses-3,VNB
int,UI,8084,ses-1,VNB
int,UI,8085,ses-1,NTS
int,UI,8085,ses-2,VNB
int,UI,8088,ses-1,DSST
int,UI,8088,ses-1,VNB
int,UI,8092,ses-1,VNB
int,UI,8098,ses-1,VNB
int,UI,8099,ses-2,VNB
int,UI,8100,ses-2,DSST
int,UI,8102,ses-2,NTS
int,UI,8102,ses-1,DWL
int,UI,8103,ses-2,DWL
int,UI,8103,ses-2,VNB
int,UI,8106,ses-1,DSST
int,UI,8106,ses-1,DWL
int,UI,8106,ses-1,VNB
int,UI,8107,ses-1,VNB
int,UI,8115,ses-1,AF
int,UI,8115,ses-1,ATS
int,UI,8115,ses-1,WL
int,UI,8118,ses-1,VNB
int,UI,8121,ses-2,AF
int,UI,8121,ses-2,ATS
int,UI,8121,ses-2,DSST
int,UI,8121,ses-2,DWL
int,UI,8121,ses-2,FN
int,UI,8121,ses-2,LC
int,UI,8121,ses-2,NF
int,UI,8121,ses-2,NNB
int,UI,8121,ses-2,PC
int,UI,8121,ses-2,SM
int,UI,8121,ses-2,VNB
int,UI,8121,ses-2,WL
int,UI,8123,ses-1,DWL
int,UI,8123,ses-1,SM
int,UI,8127,ses-1,VNB
int,UI,8131,ses-1,VNB
int,UI,8132,ses-1,AF
int,UI,8132,ses-1,ATS
int,UI,8132,ses-1,DSST
int,UI,8132,ses-1,DWL
int,UI,8132,ses-1,FN
int,UI,8132,ses-1,NF
int,UI,8132,ses-1,NNB
int,UI,8132,ses-1,NTS
int,UI,8132,ses-1,PC
int,UI,8132,ses-1,SM
int,UI,8132,ses-1,VNB
int,UI,8132,ses-1,WL
int,UI,8138,ses-1,LC
obs,UI,7004,ses-1,NF
obs,UI,7005,ses-1,NF
obs,UI,7013,ses-1,AF
obs,UI,7023,ses-1,VNB
obs,UI,7047,ses-1,ATS
obs,UI,7060,ses-1,DSST
obs,UI,7060,ses-1,DWL
obs,UI,7060,ses-1,FN
obs,UI,7060,ses-1,LC
obs,UI,7060,ses-1,PC
obs,UI,7060,ses-1,SM
obs,UI,7078,ses-1,NF
obs,UI,7086,ses-1,FN
obs,UI,7086,ses-1,SM
obs,UI,7096,ses-1,LC
obs,UI,7098,ses-1,ATS
obs,UI,7099,ses-1,DWL
obs,UI,7107,ses-1,ATS
obs,UI,7118,ses-1,DWL
obs,UI,7125,ses-1,DSST
obs,UI,7125,ses-1,DWL
obs,UI,7125,ses-1,LC
obs,UI,7125,ses-1,PC
obs,UI,7125,ses-1,WL
obs,UI,7128,ses-1,ATS
obs,UI,7136,ses-1,NF
obs,UI,7137,ses-1,NTS
obs,UI,7139,ses-1,FN
obs,UI,7139,ses-1,VNB
obs,UI,7141,ses-1,NTS
obs,UI,7143,ses-1,DSST
obs,UI,7168,ses-1,LC
obs,UI,7178,ses-1,PC
obs,UI,7189,ses-1,FN
obs,UI,7189,ses-1,LC
obs,UI,7198,ses-1,AF
obs,UI,7198,ses-1,ATS
obs,UI,7198,ses-1,DSST
obs,UI,7198,ses-1,DWL
obs,UI,7198,ses-1,NF
obs,UI,7198,ses-1,NNB
obs,UI,7198,ses-1,NTS
obs,UI,7198,ses-1,PC
obs,UI,7198,ses-1,SM
obs,UI,7198,ses-1,VNB
obs,UI,7198,ses-1,WL
obs,UI,7201,ses-1,NF
obs,UI,7201,ses-1,NNB
obs,UI,7201,ses-1,NTS
obs,UI,7207,ses-1,DWL
obs,UI,7221,ses-1,VNB
obs,UI,7237,ses-1,DSST
obs,UI,7237,ses-1,DWL
obs,UI,7237,ses-1,LC
obs,UI,7237,ses-1,PC
obs,UI,7250,ses-1,ATS
obs,UI,7250,ses-1,VNB
obs,UI,7707,ses-1,SM
obs,UI,7707,ses-1,VNB
obs,UI,7726,ses-1,VNB
obs,UI,7732,ses-1,VNB
obs,UI,7741,ses-1,DSST
obs,UI,7741,ses-1,DWL
obs,UI,7741,ses-1,SM
obs,UI,7750,ses-1,DWL
obs,UI,7751,ses-1,NF
obs,UI,7751,ses-1,NTS
obs,UI,7763,ses-1,PC
obs,UI,7769,ses-1,DWL
obs,UI,7770,ses-1,DWL
obs,UI,7777,ses-1111,AF
obs,UI,7777,ses-1111,ATS
obs,UI,7777,ses-1111,DSST
obs,UI,7777,ses-1111,DWL
obs,UI,7777,ses-1111,FN
obs,UI,7777,ses-1111,LC
obs,UI,7777,ses-1111,NF
obs,UI,7777,ses-1111,NNB
obs,UI,7777,ses-1111,NTS
obs,UI,7777,ses-1111,PC
obs,UI,7777,ses-1111,SM
obs,UI,7777,ses-1111,VNB
obs,UI,7785,ses-1,DSST
obs,UI,7785,ses-1,DWL
obs,UI,7785,ses-1,FN
obs,UI,7785,ses-1,LC
obs,UI,7785,ses-1,PC
obs,UI,7785,ses-1,SM
obs,UI,7785,ses-1,VNB
obs,UI,7785,ses-1,WL
obs,UI,7787,ses-1,NF
obs,UI,7790,ses-1,DWL
obs,UI,7795,ses-1,ATS
obs,UI,7808,ses-1,PC
obs,UI,7808,ses-1,SM
obs,UI,7978,ses-1,AF
obs,UI,7978,ses-1,ATS
obs,UI,7978,ses-1,DSST
obs,UI,7978,ses-1,DWL
obs,UI,7978,ses-1,FN
obs,UI,7978,ses-1,LC
obs,UI,7978,ses-1,NNB
obs,UI,7978,ses-1,NTS
obs,UI,7978,ses-1,PC
obs,UI,7978,ses-1,SM
obs,UI,7978,ses-1,VNB
obs,UI,7978,ses-1,WL
