task,subject_id,session,condition,count_correct,mean_rt,accuracy
FN,1,1,1,60,1095.4567901234568,74.07407407407408
FN,1474,1,1,73,1725.9259259259259,90.12345679012346
FN,3333,nan,1,68,1432.79012345679,83.9506172839506
FN,33333,nan,1,67,1267.9506172839506,82.71604938271605
FN,33333,nan,2,7,1222.5555555555557,77.77777777777779
FN,7000,1,1,68,1463.1604938271605,83.9506172839506
FN,7000,1,2,6,1663.4444444444443,66.66666666666666
FN,7001,1,1,71,1046.0123456790122,87.65432098765432
FN,7002,1,1,69,1313.5432098765432,85.18518518518519
FN,7003,1,1,72,1230.5185185185185,88.88888888888889
FN,7003,1,2,7,1806.2222222222222,77.77777777777779
FN,7003,1,3,8,1398.2222222222222,88.88888888888889
FN,7004,1,1,68,1531.5432098765432,83.9506172839506
FN,7005,1,1,75,1596.2962962962963,92.5925925925926
FN,7006,1,1,75,1168.7283950617284,92.5925925925926
FN,7007,1,1,68,1460.037037037037,83.9506172839506
FN,7007,1,2,6,2355.4444444444443,66.66666666666666
FN,7007,1,3,9,1383.111111111111,100.0
FN,7008,1,1,66,1229.0864197530864,81.48148148148148
FN,7008,1,2,6,1396.7777777777778,66.66666666666666
FN,7009,1,1,70,1463.4814814814815,86.41975308641975
FN,7010,1,1,68,1012.1358024691358,83.9506172839506
FN,7012,1,1,72,1498.8148148148148,88.88888888888889
FN,7013,1,1,71,995.2098765432099,87.65432098765432
FN,7014,1,1,66,1308.5555555555557,81.48148148148148
FN,7015,1,1,65,1488.3086419753085,80.24691358024691
FN,7015,1,2,8,1483.2222222222222,88.88888888888889
FN,7016,1,1,71,1166.7654320987654,87.65432098765432
FN,7016,1,2,7,1574.7777777777778,77.77777777777779
FN,7017,1,1,71,1713.20987654321,87.65432098765432
FN,7018,1,1,70,1150.679012345679,86.41975308641975
FN,7019,1,1,60,1165.9876543209878,74.07407407407408
FN,7019,1,2,6,1585.6666666666667,66.66666666666666
FN,7020,1,1,72,942.4691358024692,88.88888888888889
FN,7021,1,1,73,1503.037037037037,90.12345679012346
FN,7022,1,1,70,1406.0617283950617,86.41975308641975
FN,7023,1,1,72,2149.358024691358,88.88888888888889
FN,7023,1,2,8,1557.888888888889,88.88888888888889
FN,7024,1,1,68,1133.9259259259259,83.9506172839506
FN,7024,1,2,8,1316.3333333333333,88.88888888888889
FN,7025,1,1,71,1370.8395061728395,87.65432098765432
FN,7026,1,1,69,1741.3456790123457,85.18518518518519
FN,7027,1,1,69,1615.283950617284,85.18518518518519
FN,7028,1,1,70,1604.3086419753085,86.41975308641975
FN,7029,1,1,67,1246.5185185185185,82.71604938271605
FN,7030,1,1,66,1445.6913580246915,81.48148148148148
FN,7031,1,1,66,1207.4197530864199,81.48148148148148
FN,7031,1,1,66,1207.4197530864199,81.48148148148148
FN,7031,1,2,9,1597.888888888889,100.0
FN,7031,1,2,9,1597.888888888889,100.0
FN,7032,1,1,70,1977.5802469135801,86.41975308641975
FN,7032,1,2,7,2275.8888888888887,77.77777777777779
FN,7033,1,1,67,1503.7407407407406,82.71604938271605
FN,7033,1,2,6,2152.222222222222,66.66666666666666
FN,7034,1,1,63,935.1358024691358,77.77777777777779
FN,7034,1,2,6,1437.888888888889,66.66666666666666
FN,7034,1,3,8,1621.7777777777778,88.88888888888889
FN,7035,1,1,68,1169.283950617284,83.9506172839506
FN,7037,1,1,67,1328.5432098765432,82.71604938271605
FN,7037,1,2,7,1796.7777777777778,77.77777777777779
FN,7039,1,1,73,1541.7777777777778,90.12345679012346
FN,7040,1,1,66,1589.6543209876543,81.48148148148148
FN,7040,1,2,5,1452.6666666666667,55.55555555555556
FN,7041,1,1,72,1572.0864197530864,88.88888888888889
FN,7041,1,2,8,1435.888888888889,88.88888888888889
FN,7042,1,1,71,1895.1604938271605,87.65432098765432
FN,7043,1,1,68,1644.2592592592594,83.9506172839506
FN,7043,1,2,6,1971.888888888889,66.66666666666666
FN,7044,1,1,67,1155.0987654320988,82.71604938271605
FN,7044,1,2,8,1548.111111111111,88.88888888888889
FN,7045,1,1,68,1638.9753086419753,83.9506172839506
FN,7045,1,2,7,1792.888888888889,77.77777777777779
FN,7046,1,1,66,1443.9382716049383,81.48148148148148
FN,7047,1,1,69,1750.0864197530864,85.18518518518519
FN,7047,1,2,3,2194.8888888888887,33.33333333333333
FN,7047,1,3,8,1346.5555555555557,88.88888888888889
FN,7048,1,1,63,1509.7530864197531,77.77777777777779
FN,7048,1,2,6,1949.4444444444443,66.66666666666666
FN,7049,1,1,74,1583.8641975308642,91.35802469135803
FN,7049,1,2,7,1659.888888888889,77.77777777777779
FN,7050,1,1,67,1458.2222222222222,82.71604938271605
FN,7052,1,1,72,1643.1234567901236,88.88888888888889
FN,7053,1,1,66,984.0123456790124,81.48148148148148
FN,7054,1,1,73,1314.9135802469136,90.12345679012346
FN,7055,1,1,69,1369.888888888889,85.18518518518519
FN,7056,1,1,69,1211.567901234568,85.18518518518519
FN,7057,1,1,68,1755.5802469135801,83.9506172839506
FN,7058,1,1,71,1067.5555555555557,87.65432098765432
FN,7059,1,1,71,1844.851851851852,87.65432098765432
FN,7061,1,1,71,1684.851851851852,87.65432098765432
FN,7062,1,1,71,1307.9876543209878,87.65432098765432
FN,7063,1,1,67,1818.432098765432,82.71604938271605
FN,7063,1,2,8,1832.888888888889,88.88888888888889
FN,7064,1,1,67,1291.0246913580247,82.71604938271605
FN,7064,1,2,6,2189.5555555555557,66.66666666666666
FN,7065,1,1,69,1502.5802469135801,85.18518518518519
FN,7067,1,1,68,1367.3456790123457,83.9506172839506
FN,7068,1,1,72,2161.246913580247,88.88888888888889
FN,7069,1,1,70,1356.7777777777778,86.41975308641975
FN,7070,1,1,70,1567.0987654320988,86.41975308641975
FN,7070,1,2,6,2161.5555555555557,66.66666666666666
FN,7070,1,3,8,1674.888888888889,88.88888888888889
FN,7072,1,1,66,1101.1358024691358,81.48148148148148
FN,7073,1,1,70,1199.0864197530864,86.41975308641975
FN,7075,1,1,69,1780.6049382716049,85.18518518518519
FN,7076,1,1,71,1635.851851851852,87.65432098765432
FN,7077,1,1,69,1481.5185185185185,85.18518518518519
FN,7078,1,1,69,1367.79012345679,85.18518518518519
FN,7078,1,2,8,1334.3333333333333,88.88888888888889
FN,7079,1,1,72,1549.0864197530864,88.88888888888889
FN,7080,1,1,71,979.283950617284,87.65432098765432
FN,7082,1,1,70,1818.358024691358,86.41975308641975
FN,7083,1,1,71,1855.8148148148148,87.65432098765432
FN,7084,1,1,72,1244.679012345679,88.88888888888889
FN,7085,1,1,69,1499.0987654320988,85.18518518518519
FN,7086,1,1,72,2161.246913580247,88.88888888888889
FN,7087,1,1,74,1715.962962962963,91.35802469135803
FN,7088,1,1,72,1522.1728395061727,88.88888888888889
FN,7089,1,1,68,1162.5432098765432,83.9506172839506
FN,7089,1,2,7,900.7777777777778,77.77777777777779
FN,7090,1,1,71,1730.6543209876543,87.65432098765432
FN,7091,1,1,67,1443.6049382716049,82.71604938271605
FN,7091,1,2,6,1433.3333333333333,66.66666666666666
FN,7092,1,1,70,1834.0617283950617,86.41975308641975
FN,7092,1,2,6,1467.3333333333333,66.66666666666666
FN,7093,1,1,67,1321.9753086419753,82.71604938271605
FN,7093,1,2,7,1473.0,77.77777777777779
FN,7094,1,1,68,1550.9259259259259,83.9506172839506
FN,7096,1,1,69,1370.888888888889,85.18518518518519
FN,7097,1,1,76,1292.4814814814815,93.82716049382715
FN,7098,1,1,67,1443.8148148148148,82.71604938271605
FN,7099,1,1,73,1028.9382716049383,90.12345679012346
FN,7102,1,1,64,1312.79012345679,79.01234567901234
FN,7103,1,1,71,1672.9506172839506,87.65432098765432
FN,7104,1,1,67,1668.2592592592594,82.71604938271605
FN,7104,1,2,8,1829.2222222222222,88.88888888888889
FN,7105,1,1,71,953.0493827160494,87.65432098765432
FN,7106,1,1,69,1530.5555555555557,85.18518518518519
FN,7106,1,2,8,1486.7777777777778,88.88888888888889
FN,7107,1,1,71,1325.3950617283951,87.65432098765432
FN,7108,1,1,68,1205.111111111111,83.9506172839506
FN,7108,1,2,6,1219.3333333333333,66.66666666666666
FN,7108,1,3,9,1027.7777777777778,100.0
FN,7109,1,1,68,1556.1358024691358,83.9506172839506
FN,7109,1,2,7,1512.0,77.77777777777779
FN,7110,1,1,66,1162.79012345679,81.48148148148148
FN,7111,1,1,68,1321.7654320987654,83.9506172839506
FN,7112,1,1,75,1853.6666666666667,92.5925925925926
FN,7113,1,1,66,1854.1728395061727,81.48148148148148
FN,7113,1,2,9,1753.6666666666667,100.0
FN,7114,1,1,66,1807.432098765432,81.48148148148148
FN,7114,1,2,9,1252.6666666666667,100.0
FN,7115,1,1,75,1753.1234567901236,92.5925925925926
FN,7116,1,1,65,1504.2716049382716,80.24691358024691
FN,7116,1,2,8,1756.7777777777778,88.88888888888889
FN,7117,1,1,67,1975.0246913580247,82.71604938271605
FN,7118,1,1,66,1539.1975308641975,81.48148148148148
FN,7120,1,1,68,1938.358024691358,83.9506172839506
FN,7120,1,2,7,1895.0,77.77777777777779
FN,7122,1,1,75,1853.6666666666667,92.5925925925926
FN,7123,1,1,72,2012.3827160493827,88.88888888888889
FN,7124,1,1,66,1630.9876543209878,81.48148148148148
FN,7124,1,2,7,1883.7777777777778,77.77777777777779
FN,7125,1,1,67,1963.9135802469136,82.71604938271605
FN,7126,1,1,68,1498.8024691358025,83.9506172839506
FN,7126,1,2,6,1567.111111111111,66.66666666666666
FN,7126,1,3,9,1105.2222222222222,100.0
FN,7128,1,1,71,1209.8271604938273,87.65432098765432
FN,7129,1,1,68,1398.4444444444443,83.9506172839506
FN,7129,1,2,6,1484.3333333333333,66.66666666666666
FN,7129,1,3,8,1405.4444444444443,88.88888888888889
FN,7130,1,1,64,1420.2962962962963,79.01234567901234
FN,7130,1,2,7,1656.5555555555557,77.77777777777779
FN,7131,1,1,67,2002.962962962963,82.71604938271605
FN,7132,1,1,71,1055.1604938271605,87.65432098765432
FN,7132,1,2,8,1083.111111111111,88.88888888888889
FN,7133,1,1,72,1329.3333333333333,88.88888888888889
FN,7133,1,2,9,1562.6666666666667,100.0
FN,7134,1,1,70,1306.2962962962963,86.41975308641975
FN,7136,1,1,71,1576.9753086419753,87.65432098765432
FN,7137,1,1,52,2097.7283950617284,64.19753086419753
FN,7137,1,2,8,1674.888888888889,88.88888888888889
FN,7138,1,1,69,1525.4938271604938,85.18518518518519
FN,7139,1,1,68,1398.4444444444443,83.9506172839506
FN,7139,1,2,6,1484.3333333333333,66.66666666666666
FN,7139,1,3,8,1405.4444444444443,88.88888888888889
FN,7140,1,1,75,1531.1358024691358,92.5925925925926
FN,7140,1,2,9,1221.7777777777778,100.0
FN,7141,1,1,70,1152.641975308642,86.41975308641975
FN,7142,1,1,72,1903.7283950617284,88.88888888888889
FN,7143,1,1,71,1344.9506172839506,87.65432098765432
FN,7145,1,1,70,1330.7530864197531,86.41975308641975
FN,7145,1,2,7,1694.3333333333333,77.77777777777779
FN,7146,1,1,71,1331.0864197530864,87.65432098765432
FN,7147,1,1,61,1430.8765432098764,75.30864197530865
FN,7147,1,2,5,2052.3333333333335,55.55555555555556
FN,7150,1,1,65,1665.5555555555557,80.24691358024691
FN,7150,1,2,7,1565.888888888889,77.77777777777779
FN,7151,1,1,69,1605.7654320987654,85.18518518518519
FN,7152,1,1,72,1214.6172839506173,88.88888888888889
FN,7152,1,2,8,1326.6666666666667,88.88888888888889
FN,7153,1,1,66,1935.6172839506173,81.48148148148148
FN,7153,1,2,9,1422.111111111111,100.0
FN,7155,1,1,67,1174.0864197530864,82.71604938271605
FN,7155,1,2,3,2703.1111111111113,33.33333333333333
FN,7155,1,3,8,1711.888888888889,88.88888888888889
FN,7156,1,1,69,1643.6296296296296,85.18518518518519
FN,7156,1,2,9,1243.888888888889,100.0
FN,7157,1,1,72,1240.4814814814815,88.88888888888889
FN,7157,1,2,7,1052.7777777777778,77.77777777777779
FN,7158,1,1,75,1162.9135802469136,92.5925925925926
FN,7159,1,1,71,1270.9506172839506,87.65432098765432
FN,7160,1,1,70,1447.679012345679,86.41975308641975
FN,7160,1,2,7,1568.4444444444443,77.77777777777779
FN,7161,1,1,73,2156.8395061728397,90.12345679012346
FN,7161,1,2,7,1999.6666666666667,77.77777777777779
FN,7164,1,1,72,1643.851851851852,88.88888888888889
FN,7165,1,1,76,1782.8024691358025,93.82716049382715
FN,7166,1,1,70,1752.7530864197531,86.41975308641975
FN,7167,1,1,72,1562.8148148148148,88.88888888888889
FN,7168,1,1,66,1359.2962962962963,81.48148148148148
FN,7168,1,2,6,1365.6666666666667,66.66666666666666
FN,7170,1,1,73,1794.9876543209878,90.12345679012346
FN,7170,1,2,9,1759.5555555555557,100.0
FN,7171,1,1,73,1429.8271604938273,90.12345679012346
FN,7172,1,1,68,1655.0864197530864,83.9506172839506
FN,7172,1,2,6,1499.2222222222222,66.66666666666666
FN,7173,1,1,61,1625.5432098765432,75.30864197530865
FN,7174,1,1,64,910.6666666666666,79.01234567901234
FN,7175,1,1,70,1328.3333333333333,86.41975308641975
FN,7176,1,1,63,1261.3950617283951,77.77777777777779
FN,7176,1,2,5,1952.4444444444443,55.55555555555556
FN,7177,1,1,71,1795.2222222222222,87.65432098765432
FN,7177,1,2,9,1844.2222222222222,100.0
FN,7178,1,1,65,1655.0,80.24691358024691
FN,7178,1,2,8,1557.6666666666667,88.88888888888889
FN,7180,1,1,73,1798.4938271604938,90.12345679012346
FN,7181,1,1,68,1533.1728395061727,83.9506172839506
FN,7182,1,1,62,1158.5432098765432,76.5432098765432
FN,7182,1,2,8,1388.0,88.88888888888889
FN,7183,1,1,65,1297.5061728395062,80.24691358024691
FN,7183,1,2,8,1707.888888888889,88.88888888888889
FN,7186,1,1,70,1234.962962962963,86.41975308641975
FN,7187,1,1,72,1624.2345679012346,88.88888888888889
FN,7188,1,1,68,1469.5061728395062,83.9506172839506
FN,7189,1,1,62,1485.320987654321,76.5432098765432
FN,7189,1,2,7,1774.2222222222222,77.77777777777779
FN,7190,1,1,69,1743.283950617284,85.18518518518519
FN,7191,1,1,68,1655.2592592592594,83.9506172839506
FN,7191,1,2,8,1840.4444444444443,88.88888888888889
FN,7192,1,1,72,1369.8641975308642,88.88888888888889
FN,7194,1,1,68,1573.8271604938273,83.9506172839506
FN,7195,1,1,66,1057.5555555555557,81.48148148148148
FN,7196,1,1,64,1865.432098765432,79.01234567901234
FN,7197,1,1,67,1192.962962962963,82.71604938271605
FN,7197,1,2,7,1388.5555555555557,77.77777777777779
FN,7198,1,1,62,1485.320987654321,76.5432098765432
FN,7198,1,2,7,1774.2222222222222,77.77777777777779
FN,7199,1,1,72,1895.1604938271605,88.88888888888889
FN,7200,1,1,72,1255.962962962963,88.88888888888889
FN,7201,1,1,62,1914.0493827160494,76.5432098765432
FN,7201,1,2,7,2187.222222222222,77.77777777777779
FN,7202,1,1,73,1267.0987654320988,90.12345679012346
FN,7203,1,1,68,1324.2592592592594,83.9506172839506
FN,7204,1,1,65,1267.9876543209878,80.24691358024691
FN,7205,1,1,64,1541.7654320987654,79.01234567901234
FN,7205,1,2,5,1789.0,55.55555555555556
FN,7206,1,1,65,1649.148148148148,80.24691358024691
FN,7206,1,2,9,1426.0,100.0
FN,7207,1,1,71,1141.2962962962963,87.65432098765432
FN,7208,1,1,62,1591.8641975308642,76.5432098765432
FN,7208,1,2,9,1372.3333333333333,100.0
FN,7209,1,1,67,1143.8148148148148,82.71604938271605
FN,7211,1,1,68,1498.8765432098764,83.9506172839506
FN,7212,1,1,66,1764.2592592592594,81.48148148148148
FN,7212,1,2,8,1842.4444444444443,88.88888888888889
FN,7213,1,1,72,1363.6172839506173,88.88888888888889
FN,7214,1,1,71,1663.0493827160494,87.65432098765432
FN,7215,1,1,73,1635.4074074074074,90.12345679012346
FN,7216,1,1,68,1700.2592592592594,83.9506172839506
FN,7216,1,2,8,1483.4444444444443,88.88888888888889
FN,7218,1,1,67,1433.5061728395062,82.71604938271605
FN,7219,1,1,66,1496.530864197531,81.48148148148148
FN,7220,1,1,64,1560.358024691358,79.01234567901234
FN,7220,1,2,9,1952.888888888889,100.0
FN,7221,1,1,77,1380.6172839506173,95.06172839506173
FN,7222,1,1,67,1532.567901234568,82.71604938271605
FN,7222,1,2,6,1440.3333333333333,66.66666666666666
FN,7222,1,3,8,1537.888888888889,88.88888888888889
FN,7223,1,1,67,1684.7037037037037,82.71604938271605
FN,7225,1,1,70,1320.1851851851852,86.41975308641975
FN,7225,1,2,8,1357.0,88.88888888888889
FN,7226,1,1,75,1384.851851851852,92.5925925925926
FN,7227,1,1,72,1909.20987654321,88.88888888888889
FN,7229,1,1,72,2093.395061728395,88.88888888888889
FN,7230,1,1,69,1494.2469135802469,85.18518518518519
FN,7230,1,2,4,1963.5555555555557,44.44444444444444
FN,7231,1,1,67,1715.6666666666667,82.71604938271605
FN,7231,1,2,8,1390.4444444444443,88.88888888888889
FN,7232,1,1,74,1367.0987654320988,91.35802469135803
FN,7233,1,1,69,2149.814814814815,85.18518518518519
FN,7233,1,2,8,1830.3333333333333,88.88888888888889
FN,7234,1,1,74,1594.8148148148148,91.35802469135803
FN,7235,1,1,69,1111.5555555555557,85.18518518518519
FN,7237,1,1,73,1055.641975308642,90.12345679012346
FN,7237,1,2,5,1818.0,55.55555555555556
FN,7237,1,3,9,815.4444444444445,100.0
FN,7238,1,1,70,1504.9753086419753,86.41975308641975
FN,7239,1,1,73,1437.679012345679,90.12345679012346
FN,7240,nan,1,70,1360.0246913580247,86.41975308641975
FN,7241,1,1,66,1672.7654320987654,81.48148148148148
FN,7242,1,1,64,1272.4567901234568,79.01234567901234
FN,7242,1,2,6,1619.0,66.66666666666666
FN,7242,1,3,9,1261.111111111111,100.0
FN,7243,1,1,67,1168.358024691358,82.71604938271605
FN,7243,1,2,5,1596.888888888889,55.55555555555556
FN,7246,nan,1,67,1526.4938271604938,82.71604938271605
FN,7246,nan,2,6,1952.6666666666667,66.66666666666666
FN,7248,1,1,65,1528.1358024691358,80.24691358024691
FN,7248,1,2,6,1551.2222222222222,66.66666666666666
FN,7248,1,3,7,1326.4444444444443,77.77777777777779
FN,7248,1,4,6,1648.7777777777778,66.66666666666666
FN,7248,1,5,8,1246.3333333333333,88.88888888888889
FN,7249,1,1,68,1372.0864197530864,83.9506172839506
FN,7249,1,2,7,1730.4444444444443,77.77777777777779
FN,7250,1,1,64,1442.6666666666667,79.01234567901234
FN,7250,1,2,6,2362.6666666666665,66.66666666666666
FN,7251,1,1,70,1086.0864197530864,86.41975308641975
FN,7251,1,2,7,1517.6666666666667,77.77777777777779
FN,7252,1,1,69,1424.0987654320988,85.18518518518519
FN,7254,1,1,78,1693.79012345679,96.29629629629629
FN,7255,1,1,58,999.9506172839506,71.60493827160494
FN,7700,1,1,73,2047.4814814814815,90.12345679012346
FN,7701,1,1,62,2134.1975308641977,76.5432098765432
FN,7701,1,2,6,1879.4444444444443,66.66666666666666
FN,7702,1,1,68,1715.6049382716049,83.9506172839506
FN,7702,1,2,7,1933.0,77.77777777777779
FN,7703,1,1,69,1547.7283950617284,85.18518518518519
FN,7703,1,2,6,1544.5555555555557,66.66666666666666
FN,7704,nan,1,69,1788.9506172839506,85.18518518518519
FN,7705,1,1,72,1492.7530864197531,88.88888888888889
FN,7706,1,1,61,1543.037037037037,75.30864197530865
FN,7706,1,2,5,1547.111111111111,55.55555555555556
FN,7707,1,1,69,1556.9012345679012,85.18518518518519
FN,7707,1,2,7,2001.2222222222222,77.77777777777779
FN,7708,1,1,68,1761.2469135802469,83.9506172839506
FN,7709,1,1,73,1686.148148148148,90.12345679012346
FN,7710,1,1,67,1781.7777777777778,82.71604938271605
FN,7712,1,1,71,2307.0123456790125,87.65432098765432
FN,7712,1,2,8,2215.3333333333335,88.88888888888889
FN,7713,nan,1,71,1654.148148148148,87.65432098765432
FN,7714,1,1,73,2254.9876543209875,90.12345679012346
FN,7715,1,1,73,1725.9259259259259,90.12345679012346
FN,7716,1,1,68,1606.79012345679,83.9506172839506
FN,7716,1,2,8,1707.3333333333333,88.88888888888889
FN,7717,nan,1,74,1717.2962962962963,91.35802469135803
FN,7718,1,1,63,1504.0864197530864,77.77777777777779
FN,7718,1,2,7,1889.3333333333333,77.77777777777779
FN,7721,nan,1,67,1520.7530864197531,82.71604938271605
FN,7721,nan,2,7,1606.111111111111,77.77777777777779
FN,7722,1,1,70,1735.8641975308642,86.41975308641975
FN,7723,nan,1,68,1766.5061728395062,83.9506172839506
FN,7723,nan,2,8,1851.0,88.88888888888889
FN,7724,1,1,70,2022.7530864197531,86.41975308641975
FN,7724,1,2,6,2152.777777777778,66.66666666666666
FN,7724,1,3,8,2059.6666666666665,88.88888888888889
FN,7725,1,1,63,1316.7777777777778,77.77777777777779
FN,7725,1,2,7,1351.0,77.77777777777779
FN,7726,1,1,67,1714.4567901234568,82.71604938271605
FN,7727,1,1,60,1999.5802469135801,74.07407407407408
FN,7727,1,2,8,1893.7777777777778,88.88888888888889
FN,7728,1,1,62,1740.5555555555557,76.5432098765432
FN,7729,1,1,65,1904.8395061728395,80.24691358024691
FN,7730,1,1,59,1445.1728395061727,72.8395061728395
FN,7730,1,2,6,2155.4444444444443,66.66666666666666
FN,7732,1,1,64,1914.2469135802469,79.01234567901234
FN,7733,1,1,64,1765.79012345679,79.01234567901234
FN,7734,1,1,66,1608.2962962962963,81.48148148148148
FN,7735,1,1,70,1982.1234567901236,86.41975308641975
FN,7735,1,2,6,2174.8888888888887,66.66666666666666
FN,7736,1,1,72,1454.4938271604938,88.88888888888889
FN,7738,1,1,72,1617.1851851851852,88.88888888888889
FN,7738,1,2,7,1576.888888888889,77.77777777777779
FN,7739,1,1,69,1811.111111111111,85.18518518518519
FN,7739,1,2,8,1738.7777777777778,88.88888888888889
FN,7740,1,1,70,1460.8148148148148,86.41975308641975
FN,7740,1,2,7,1795.888888888889,77.77777777777779
FN,7741,1,1,67,1348.6049382716049,82.71604938271605
FN,7741,1,2,6,1871.111111111111,66.66666666666666
FN,7742,1,1,70,1815.5802469135801,86.41975308641975
FN,7743,1,1,67,1760.7407407407406,82.71604938271605
FN,7743,1,2,6,2067.777777777778,66.66666666666666
FN,7743,1,3,7,1876.5555555555557,77.77777777777779
FN,7744,1,1,72,1556.0864197530864,88.88888888888889
FN,7745,1,1,68,1672.3086419753085,83.9506172839506
FN,7745,1,2,8,1549.7777777777778,88.88888888888889
FN,7746,1,1,72,2053.9876543209875,88.88888888888889
FN,7747,1,1,69,1848.3827160493827,85.18518518518519
FN,7748,1,1,73,1461.2345679012346,90.12345679012346
FN,7748,1,2,8,1604.6666666666667,88.88888888888889
FN,7749,1,1,71,1382.530864197531,87.65432098765432
FN,7750,1,1,66,1104.641975308642,81.48148148148148
FN,7751,1,1,66,1838.6172839506173,81.48148148148148
FN,7751,1,2,7,1867.111111111111,77.77777777777779
FN,7752,1,1,59,1626.0493827160494,72.8395061728395
FN,7752,1,2,9,1518.6666666666667,100.0
FN,7753,1,1,69,1872.3086419753085,85.18518518518519
FN,7754,1,1,72,1736.7777777777778,88.88888888888889
FN,7754,1,2,7,1972.7777777777778,77.77777777777779
FN,7755,nan,1,61,2414.4444444444443,75.30864197530865
FN,7756,1,1,70,1785.2716049382716,86.41975308641975
FN,7757,1,1,68,1431.148148148148,83.9506172839506
FN,7757,1,2,5,2226.8888888888887,55.55555555555556
FN,7757,1,3,6,1540.5555555555557,66.66666666666666
FN,7757,1,4,9,1392.0,100.0
FN,7758,1,1,70,1409.6049382716049,86.41975308641975
FN,7759,1,1,72,1643.0246913580247,88.88888888888889
FN,7760,nan,1,67,1493.4567901234568,82.71604938271605
FN,7760,nan,2,6,1780.5555555555557,66.66666666666666
FN,7761,1,1,69,1835.5925925925926,85.18518518518519
FN,7761,1,2,7,2285.0,77.77777777777779
FN,7762,1,1,51,1980.283950617284,62.96296296296296
FN,7762,1,2,6,2607.0,66.66666666666666
FN,7763,1,1,70,1998.5432098765432,86.41975308641975
FN,7764,1,1,67,1275.469135802469,82.71604938271605
FN,7764,1,2,8,1332.888888888889,88.88888888888889
FN,7765,1,1,67,1430.148148148148,82.71604938271605
FN,7765,1,2,7,1756.0,77.77777777777779
FN,7766,nan,1,68,1949.9012345679012,83.9506172839506
FN,7766,nan,2,8,1581.3333333333333,88.88888888888889
FN,7767,1,1,63,1545.8395061728395,77.77777777777779
FN,7767,1,2,6,1513.3333333333333,66.66666666666666
FN,7768,1,1,65,1441.111111111111,80.24691358024691
FN,7768,1,2,8,1386.6666666666667,88.88888888888889
FN,7769,1,1,67,1832.7654320987654,82.71604938271605
FN,7769,1,2,8,2062.5555555555557,88.88888888888889
FN,7770,1,1,71,1633.6543209876543,87.65432098765432
FN,7770,1,2,8,1694.7777777777778,88.88888888888889
FN,7771,nan,1,62,1689.3086419753085,76.5432098765432
FN,7771,nan,2,8,1592.2222222222222,88.88888888888889
FN,7772,1,1,72,1821.0,88.88888888888889
FN,7772,1,2,6,1777.888888888889,66.66666666666666
FN,7773,1,1,74,1543.888888888889,91.35802469135803
FN,7773,1,2,8,1697.4444444444443,88.88888888888889
FN,7774,1,1,65,2151.679012345679,80.24691358024691
FN,7774,1,2,9,1437.5555555555557,100.0
FN,7775,1,1,69,1913.0123456790122,85.18518518518519
FN,7776,1,1,70,1585.851851851852,86.41975308641975
FN,7777,1,1,70,1592.6543209876543,86.41975308641975
FN,7777,1,2,6,1801.111111111111,66.66666666666666
FN,7778,1,1,63,1635.6666666666667,77.77777777777779
FN,7778,1,2,7,2150.222222222222,77.77777777777779
FN,7779,1,1,72,1224.4814814814815,88.88888888888889
FN,7780,1,1,72,1599.0123456790122,88.88888888888889
FN,7780,1,2,7,1487.4444444444443,77.77777777777779
FN,7781,1,1,69,1905.9259259259259,85.18518518518519
FN,7782,1,1,68,1560.283950617284,83.9506172839506
FN,7783,1,1,66,1117.5925925925926,81.48148148148148
FN,7784,1,1,71,1525.3950617283951,87.65432098765432
FN,7784,1,2,7,1452.888888888889,77.77777777777779
FN,7786,1,1,65,1847.9506172839506,80.24691358024691
FN,7786,1,2,8,1841.3333333333333,88.88888888888889
FN,7787,1,1,69,2152.543209876543,85.18518518518519
FN,7787,1,2,7,1753.3333333333333,77.77777777777779
FN,7788,1,1,69,1540.1851851851852,85.18518518518519
FN,7788,1,2,7,1848.7777777777778,77.77777777777779
FN,7789,1,1,68,1998.2469135802469,83.9506172839506
FN,7790,1,1,69,1718.4814814814815,85.18518518518519
FN,7791,1,1,70,1914.5802469135801,86.41975308641975
FN,7792,1,1,71,1994.1234567901236,87.65432098765432
FN,7793,1,1,63,1477.1234567901236,77.77777777777779
FN,7793,1,2,5,1711.4444444444443,55.55555555555556
FN,7794,1,1,60,1885.8148148148148,74.07407407407408
FN,7794,1,2,6,2554.222222222222,66.66666666666666
FN,7795,1,1,69,1675.7654320987654,85.18518518518519
FN,7797,1,1,67,2132.5308641975307,82.71604938271605
FN,7797,1,2,8,2021.7777777777778,88.88888888888889
FN,7798,1,1,64,1715.716049382716,79.01234567901234
FN,7798,1,2,4,2459.4444444444443,44.44444444444444
FN,7799,1,1,65,1670.5555555555557,80.24691358024691
FN,7799,1,2,7,1556.2222222222222,77.77777777777779
FN,7800,1,1,72,1977.8148148148148,88.88888888888889
FN,7801,1,1,66,1792.6172839506173,81.48148148148148
FN,7801,1,2,8,2183.0,88.88888888888889
FN,7802,1,1,76,1748.0123456790122,93.82716049382715
FN,7802,1,2,8,1538.5555555555557,88.88888888888889
FN,7803,1,1,65,1583.0987654320988,80.24691358024691
FN,7803,1,2,6,2104.1111111111113,66.66666666666666
FN,7805,1,1,74,1465.3086419753085,91.35802469135803
FN,7806,1,1,70,1429.1975308641975,86.41975308641975
FN,7807,1,1,73,1612.2716049382716,90.12345679012346
FN,7807,1,2,7,1431.2222222222222,77.77777777777779
FN,7808,1,1,67,1648.6666666666667,82.71604938271605
FN,7808,1,2,8,2007.111111111111,88.88888888888889
FN,7810,1,1,65,1539.5555555555557,80.24691358024691
FN,7810,1,2,7,1576.5555555555557,77.77777777777779
FN,8000,1,1,69,1647.6296296296296,85.18518518518519
FN,8000,1,2,8,1700.6666666666667,88.88888888888889
FN,8000,2,1,70,1672.0123456790122,86.41975308641975
FN,8000,2,2,8,1403.3333333333333,88.88888888888889
FN,8000,3,1,74,2062.9506172839506,91.35802469135803
FN,8001,1,1,69,1527.3456790123457,85.18518518518519
FN,8002,1,1,69,1776.3703703703704,85.18518518518519
FN,8002,2,1,73,1542.148148148148,90.12345679012346
FN,8002,3,1,75,1285.432098765432,92.5925925925926
FN,8003,1,1,65,1251.4444444444443,80.24691358024691
FN,8003,1,2,8,1036.111111111111,88.88888888888889
FN,8003,2,1,64,1249.7037037037037,79.01234567901234
FN,8003,2,2,8,1796.111111111111,88.88888888888889
FN,8003,3,1,65,1028.20987654321,80.24691358024691
FN,8003,3,2,6,1625.888888888889,66.66666666666666
FN,8004,1,1,66,1403.8765432098764,81.48148148148148
FN,8004,1,2,7,1866.4444444444443,77.77777777777779
FN,8004,2,1,63,1644.716049382716,77.77777777777779
FN,8004,2,2,7,1477.888888888889,77.77777777777779
FN,8004,3,1,68,1151.679012345679,83.9506172839506
FN,8005,1,1,72,1544.9259259259259,88.88888888888889
FN,8005,1,2,8,1518.5555555555557,88.88888888888889
FN,8005,2,1,73,1130.851851851852,90.12345679012346
FN,8005,3,1,75,1220.7037037037037,92.5925925925926
FN,8006,1,1,67,1236.3703703703704,82.71604938271605
FN,8006,1,1,67,1236.3703703703704,82.71604938271605
FN,8006,2,1,61,996.8765432098766,75.30864197530865
FN,8006,2,1,61,996.8765432098766,75.30864197530865
FN,8006,3,1,63,824.5925925925926,77.77777777777779
FN,8008,1,1,69,1815.358024691358,85.18518518518519
FN,8008,1,2,8,1942.3333333333333,88.88888888888889
FN,8008,2,1,74,1460.358024691358,91.35802469135803
FN,8008,2,2,7,1724.7777777777778,77.77777777777779
FN,8008,3,1,71,1684.7283950617284,87.65432098765432
FN,8009,1,1,68,1402.716049382716,83.9506172839506
FN,8009,1,2,6,1241.0,66.66666666666666
FN,8009,2,1,69,1342.037037037037,85.18518518518519
FN,8011,1,1,73,1576.1975308641975,90.12345679012346
FN,8011,2,1,75,1394.432098765432,92.5925925925926
FN,8011,3,1,70,1555.1975308641975,86.41975308641975
FN,8012,1,1,69,1989.111111111111,85.18518518518519
FN,8012,1,1,69,1989.111111111111,85.18518518518519
FN,8012,1,2,9,1737.888888888889,100.0
FN,8012,1,2,9,1737.888888888889,100.0
FN,8012,2,1,71,1439.1358024691358,87.65432098765432
FN,8012,3,1,70,1543.9506172839506,86.41975308641975
FN,8014,1,1,67,1197.679012345679,82.71604938271605
FN,8014,1,2,6,1805.6666666666667,66.66666666666666
FN,8014,2,1,77,1538.2592592592594,95.06172839506173
FN,8014,3,1,74,1443.4197530864199,91.35802469135803
FN,8014,3,2,9,1306.3333333333333,100.0
FN,8015,1,1,59,1031.679012345679,72.8395061728395
FN,8015,1,2,5,1440.7777777777778,55.55555555555556
FN,8016,1,1,73,1210.2716049382716,90.12345679012346
FN,8016,1,2,8,1777.3333333333333,88.88888888888889
FN,8016,2,1,75,1337.641975308642,92.5925925925926
FN,8016,3,1,76,1613.0864197530864,93.82716049382715
FN,8017,1,1,66,947.6913580246913,81.48148148148148
FN,8017,1,2,8,1091.6666666666667,88.88888888888889
FN,8017,2,1,74,1121.851851851852,91.35802469135803
FN,8017,3,1,77,1153.9506172839506,95.06172839506173
FN,8018,1,1,66,1863.283950617284,81.48148148148148
FN,8018,1,2,7,2131.1111111111113,77.77777777777779
FN,8018,2,1,66,1859.4444444444443,81.48148148148148
FN,8018,3,1,65,2048.679012345679,80.24691358024691
FN,8019,1,1,70,1308.111111111111,86.41975308641975
FN,8019,3,1,73,1474.0617283950617,90.12345679012346
FN,8020,2,1,66,1889.4074074074074,81.48148148148148
FN,8020,3,1,71,1920.5802469135801,87.65432098765432
FN,8020,3,2,8,2409.4444444444443,88.88888888888889
FN,8021,1,1,71,1161.0123456790122,87.65432098765432
FN,8021,2,1,66,1273.4938271604938,81.48148148148148
FN,8021,2,2,6,1534.888888888889,66.66666666666666
FN,8022,1,1,68,1211.4074074074074,83.9506172839506
FN,8022,2,1,65,1509.9876543209878,80.24691358024691
FN,8022,3,1,70,1631.358024691358,86.41975308641975
FN,8023,1,1,73,1787.1358024691358,90.12345679012346
FN,8023,2,1,70,1743.0493827160494,86.41975308641975
FN,8023,3,1,72,1897.9382716049383,88.88888888888889
FN,8024,1,1,69,1679.0123456790122,85.18518518518519
FN,8024,2,1,69,1642.9259259259259,85.18518518518519
FN,8026,1,1,56,946.2098765432099,69.1358024691358
FN,8026,1,2,7,1401.3333333333333,77.77777777777779
FN,8026,2,1,41,903.0,50.617283950617285
FN,8026,2,2,5,1117.888888888889,55.55555555555556
FN,8026,3,1,48,888.5925925925926,59.25925925925925
FN,8027,1,1,72,1572.0864197530864,88.88888888888889
FN,8027,1,2,8,1435.888888888889,88.88888888888889
FN,8027,2,1,70,1402.1851851851852,86.41975308641975
FN,8027,2,2,8,1650.0,88.88888888888889
FN,8030,1,1,69,1629.3086419753085,85.18518518518519
FN,8030,1,2,8,1479.111111111111,88.88888888888889
FN,8030,2,1,69,1560.5925925925926,85.18518518518519
FN,8030,3,1,69,1589.0617283950617,85.18518518518519
FN,8031,1,1,66,1153.20987654321,81.48148148148148
FN,8031,2,1,65,1088.1975308641975,80.24691358024691
FN,8031,3,1,68,1192.9382716049383,83.9506172839506
FN,8032,1,1,69,1673.679012345679,85.18518518518519
FN,8032,1,2,8,1525.2222222222222,88.88888888888889
FN,8032,2,1,72,1495.6543209876543,88.88888888888889
FN,8032,3,1,63,1290.716049382716,77.77777777777779
FN,8032,3,2,8,1433.111111111111,88.88888888888889
FN,8034,1,1,69,1235.5432098765432,85.18518518518519
FN,8034,1,2,8,1876.7777777777778,88.88888888888889
FN,8035,1,1,72,1952.2962962962963,88.88888888888889
FN,8035,2,1,73,1531.0864197530864,90.12345679012346
FN,8035,3,1,73,1577.469135802469,90.12345679012346
FN,8036,1,1,69,1088.0864197530864,85.18518518518519
FN,8036,2,1,65,1949.7777777777778,80.24691358024691
FN,8036,3,1,59,1506.3086419753085,72.8395061728395
FN,8037,1,1,65,1210.530864197531,80.24691358024691
FN,8037,2,1,69,1858.2592592592594,85.18518518518519
FN,8037,3,1,70,1404.8641975308642,86.41975308641975
FN,8038,1,1,73,1659.851851851852,90.12345679012346
FN,8038,2,1,75,1737.1234567901236,92.5925925925926
FN,8038,3,1,75,1641.3703703703704,92.5925925925926
FN,8039,1,1,63,1067.8765432098764,77.77777777777779
FN,8039,1,2,8,1129.6666666666667,88.88888888888889
FN,8039,2,1,74,1511.1728395061727,91.35802469135803
FN,8039,3,1,72,1011.1975308641976,88.88888888888889
FN,8040,1,1,74,1540.641975308642,91.35802469135803
FN,8040,2,1,71,1892.037037037037,87.65432098765432
FN,8040,3,1,71,1540.320987654321,87.65432098765432
FN,8042,1,1,75,1868.148148148148,92.5925925925926
FN,8042,1,2,6,1744.6666666666667,66.66666666666666
FN,8046,1,1,62,1176.6172839506173,76.5432098765432
FN,8046,2,1,59,1104.4197530864199,72.8395061728395
FN,8046,3,1,68,1470.1728395061727,83.9506172839506
FN,8046,3,2,7,1370.0,77.77777777777779
FN,8047,1,1,73,1085.6049382716049,90.12345679012346
FN,8047,2,1,68,1117.530864197531,83.9506172839506
FN,8047,3,1,73,1752.1234567901236,90.12345679012346
FN,8048,1,1,70,1319.2716049382716,86.41975308641975
FN,8048,2,1,76,1659.1851851851852,93.82716049382715
FN,8048,3,1,68,1169.641975308642,83.9506172839506
FN,8048,3,2,8,972.0,88.88888888888889
FN,8050,1,1,69,1149.8148148148148,85.18518518518519
FN,8050,2,1,76,1143.320987654321,93.82716049382715
FN,8051,1,1,64,1116.5555555555557,79.01234567901234
FN,8051,2,1,69,1335.9753086419753,85.18518518518519
FN,8051,3,1,72,1459.79012345679,88.88888888888889
FN,8052,1,1,67,1231.037037037037,82.71604938271605
FN,8052,2,1,68,1014.5185185185185,83.9506172839506
FN,8052,3,1,73,1406.111111111111,90.12345679012346
FN,8053,1,1,68,1497.5185185185185,83.9506172839506
FN,8053,1,2,9,1562.6666666666667,100.0
FN,8053,2,1,68,1491.3333333333333,83.9506172839506
FN,8053,2,2,8,1387.6666666666667,88.88888888888889
FN,8053,nan,1,72,1521.9259259259259,88.88888888888889
FN,8054,1,1,71,1445.8765432098764,87.65432098765432
FN,8054,2,1,68,1374.148148148148,83.9506172839506
FN,8056,1,1,68,1202.7283950617284,83.9506172839506
FN,8056,2,1,69,1215.358024691358,85.18518518518519
FN,8056,3,1,71,1324.20987654321,87.65432098765432
FN,8058,1,1,64,1483.3333333333333,79.01234567901234
FN,8058,1,2,8,1384.3333333333333,88.88888888888889
FN,8058,2,1,69,1750.7037037037037,85.18518518518519
FN,8058,2,2,8,1335.0,88.88888888888889
FN,8060,1,1,76,1312.111111111111,93.82716049382715
FN,8060,1,2,8,1519.3333333333333,88.88888888888889
FN,8060,2,1,73,1432.4814814814815,90.12345679012346
FN,8060,2,2,9,1293.3333333333333,100.0
FN,8060,3,1,70,1071.3086419753085,86.41975308641975
FN,8061,1,1,69,2229.0,85.18518518518519
FN,8062,1,1,73,1265.3703703703704,90.12345679012346
FN,8062,2,1,68,1393.0123456790122,83.9506172839506
FN,8062,2,2,8,1374.6666666666667,88.88888888888889
FN,8063,2,1,67,1238.9135802469136,82.71604938271605
FN,8063,nan,1,66,1102.7654320987654,81.48148148148148
FN,8064,1,1,64,1368.8024691358025,79.01234567901234
FN,8064,1,2,8,1576.0,88.88888888888889
FN,8064,2,1,63,1303.6296296296296,77.77777777777779
FN,8065,1,1,70,1179.3950617283951,86.41975308641975
FN,8065,2,1,70,942.7777777777778,86.41975308641975
FN,8065,nan,1,71,1290.9259259259259,87.65432098765432
FN,8066,2,1,71,1511.7283950617284,87.65432098765432
FN,8066,3,1,77,1829.5061728395062,95.06172839506173
FN,8067,1,1,70,1374.0740740740741,86.41975308641975
FN,8067,1,2,8,1602.3333333333333,88.88888888888889
FN,8068,1,1,67,1653.5925925925926,82.71604938271605
FN,8068,2,1,68,1475.7530864197531,83.9506172839506
FN,8068,nan,1,71,1653.9382716049383,87.65432098765432
FN,8069,1,1,69,1494.2222222222222,85.18518518518519
FN,8069,2,1,73,1459.0987654320988,90.12345679012346
FN,8069,nan,1,75,1595.7777777777778,92.5925925925926
FN,8070,1,1,78,1747.4444444444443,96.29629629629629
FN,8070,2,1,74,1488.7654320987654,91.35802469135803
FN,8070,nan,1,76,1508.037037037037,93.82716049382715
FN,8072,1,1,60,1176.358024691358,74.07407407407408
FN,8072,2,1,58,1110.8148148148148,71.60493827160494
FN,8072,2,2,4,1502.6666666666667,44.44444444444444
FN,8073,2,1,71,1610.1975308641975,87.65432098765432
FN,8073,3,1,72,1530.0123456790122,88.88888888888889
FN,8073,nan,1,70,1455.1358024691358,86.41975308641975
FN,8073,nan,2,6,2113.222222222222,66.66666666666666
FN,8074,1,1,76,2208.543209876543,93.82716049382715
FN,8074,2,1,75,1767.0987654320988,92.5925925925926
FN,8074,nan,1,71,1503.7777777777778,87.65432098765432
FN,8075,1,1,65,1928.5802469135801,80.24691358024691
FN,8075,1,2,6,2049.8888888888887,66.66666666666666
FN,8075,3,1,69,1847.8148148148148,85.18518518518519
FN,8075,nan,1,69,2205.0864197530864,85.18518518518519
FN,8076,1,1,69,1691.5432098765432,85.18518518518519
FN,8076,2,1,74,1544.3950617283951,91.35802469135803
FN,8076,3,1,70,1329.0987654320988,86.41975308641975
FN,8078,1,1,64,1541.7654320987654,79.01234567901234
FN,8078,1,2,5,1789.0,55.55555555555556
FN,8078,2,1,64,1378.8024691358025,79.01234567901234
FN,8078,2,2,7,1768.7777777777778,77.77777777777779
FN,8078,3,1,65,1572.716049382716,80.24691358024691
FN,8078,3,2,7,1624.5555555555557,77.77777777777779
FN,8079,1,1,67,1532.567901234568,82.71604938271605
FN,8079,1,2,6,1440.3333333333333,66.66666666666666
FN,8079,1,3,8,1537.888888888889,88.88888888888889
FN,8079,2,1,68,1473.4444444444443,83.9506172839506
FN,8079,2,2,8,1355.2222222222222,88.88888888888889
FN,8079,3,1,67,1563.0,82.71604938271605
FN,8079,3,2,7,1726.6666666666667,77.77777777777779
FN,8080,1,1,69,1919.0246913580247,85.18518518518519
FN,8080,1,2,6,1620.888888888889,66.66666666666666
FN,8080,2,1,66,1404.962962962963,81.48148148148148
FN,8080,2,2,7,1515.7777777777778,77.77777777777779
FN,8080,3,1,70,1516.111111111111,86.41975308641975
FN,8080,3,2,8,1518.6666666666667,88.88888888888889
FN,8081,1,1,63,935.1358024691358,77.77777777777779
FN,8081,1,2,6,1437.888888888889,66.66666666666666
FN,8081,1,3,8,1621.7777777777778,88.88888888888889
FN,8081,2,1,68,1068.0246913580247,83.9506172839506
FN,8083,1,1,68,1837.530864197531,83.9506172839506
FN,8083,3,1,74,1183.530864197531,91.35802469135803
FN,8083,nan,1,71,1140.567901234568,87.65432098765432
FN,8084,1,1,64,1612.0123456790122,79.01234567901234
FN,8084,1,2,6,1750.6666666666667,66.66666666666666
FN,8084,2,1,67,1380.1728395061727,82.71604938271605
FN,8084,3,1,68,1394.851851851852,83.9506172839506
FN,8085,1,1,68,1161.4197530864199,83.9506172839506
FN,8085,2,1,69,985.7530864197531,85.18518518518519
FN,8087,1,1,69,1424.0987654320988,85.18518518518519
FN,8087,2,1,73,1230.9506172839506,90.12345679012346
FN,8087,3,1,70,1160.7530864197531,86.41975308641975
FN,8088,1,1,68,1753.2469135802469,83.9506172839506
FN,8088,2,1,64,1243.8395061728395,79.01234567901234
FN,8088,3,1,68,1335.7283950617284,83.9506172839506
FN,8090,1,1,69,1141.1358024691358,85.18518518518519
FN,8092,1,1,73,1416.5432098765432,90.12345679012346
FN,8092,3,1,64,1220.567901234568,79.01234567901234
FN,8092,3,2,7,1353.2222222222222,77.77777777777779
FN,8092,nan,1,61,1188.4074074074074,75.30864197530865
FN,8092,nan,2,6,1326.2222222222222,66.66666666666666
FN,8093,1,1,72,1772.641975308642,88.88888888888889
FN,8094,1,1,58,999.9506172839506,71.60493827160494
FN,8094,2,1,68,1249.6172839506173,83.9506172839506
FN,8094,2,2,7,1368.0,77.77777777777779
FN,8094,3,1,68,1280.9753086419753,83.9506172839506
FN,8095,1,1,66,1672.7654320987654,81.48148148148148
FN,8096,1,1,78,1693.79012345679,96.29629629629629
FN,8096,2,1,74,1177.1728395061727,91.35802469135803
FN,8096,3,1,78,1352.7407407407406,96.29629629629629
FN,8098,1,1,69,1390.2469135802469,85.18518518518519
FN,8098,1,2,7,1566.3333333333333,77.77777777777779
FN,8098,2,1,71,1323.8024691358025,87.65432098765432
FN,8098,2,2,9,1625.2222222222222,100.0
FN,8099,1,1,64,1029.3086419753085,79.01234567901234
FN,8099,1,2,8,1481.111111111111,88.88888888888889
FN,8099,2,1,66,1165.7654320987654,81.48148148148148
FN,8100,1,1,61,1210.9876543209878,75.30864197530865
FN,8100,2,1,64,1150.7654320987654,79.01234567901234
FN,8101,1,1,70,1791.2962962962963,86.41975308641975
FN,8102,1,1,65,1065.9506172839506,80.24691358024691
FN,8102,2,1,70,877.5061728395061,86.41975308641975
FN,8103,1,1,65,1269.20987654321,80.24691358024691
FN,8103,2,1,71,1327.6666666666667,87.65432098765432
FN,8104,1,1,70,1794.0740740740741,86.41975308641975
FN,8104,2,1,67,1922.5061728395062,82.71604938271605
FN,8106,1,1,67,1608.8641975308642,82.71604938271605
FN,8106,2,1,65,1145.716049382716,80.24691358024691
FN,8106,2,2,6,1275.5555555555557,66.66666666666666
FN,8107,1,1,61,1099.1851851851852,75.30864197530865
FN,8107,3,1,63,1328.9012345679012,77.77777777777779
FN,8107,3,2,5,1637.6666666666667,55.55555555555556
FN,8108,1,1,72,1516.5061728395062,88.88888888888889
FN,8108,2,1,72,1574.432098765432,88.88888888888889
FN,8111,1,1,70,1434.0123456790122,86.41975308641975
FN,8111,1,2,7,1725.7777777777778,77.77777777777779
FN,8112,1,1,63,1772.7037037037037,77.77777777777779
FN,8113,1,1,72,1232.4938271604938,88.88888888888889
FN,8114,1,1,70,1286.3456790123457,86.41975308641975
FN,8114,1,2,8,1329.6666666666667,88.88888888888889
FN,8114,2,1,68,1569.320987654321,83.9506172839506
FN,8115,1,1,66,1651.6913580246915,81.48148148148148
FN,8115,1,2,7,1843.6666666666667,77.77777777777779
FN,8116,1,1,76,1609.8024691358025,93.82716049382715
FN,8116,2,1,74,1684.962962962963,91.35802469135803
FN,8118,1,1,58,851.074074074074,71.60493827160494
FN,8119,1,1,71,1230.7654320987654,87.65432098765432
FN,8120,1,1,67,1783.8148148148148,82.71604938271605
FN,8120,1,2,6,2214.0,66.66666666666666
FN,8120,2,1,63,1484.7654320987654,77.77777777777779
FN,8121,1,1,71,1423.9012345679012,87.65432098765432
FN,8121,2,1,72,1155.0246913580247,88.88888888888889
FN,8123,1,1,68,1570.20987654321,83.9506172839506
FN,8124,1,1,69,1026.1975308641975,85.18518518518519
FN,8124,1,2,8,1693.5555555555557,88.88888888888889
FN,8125,1,1,69,1711.432098765432,85.18518518518519
FN,8126,1,1,75,1536.3703703703704,92.5925925925926
FN,8126,1,2,8,1326.2222222222222,88.88888888888889
FN,8127,1,1,74,1693.5185185185185,91.35802469135803
FN,8128,1,1,68,1237.0493827160494,83.9506172839506
FN,8128,1,2,8,1206.111111111111,88.88888888888889
FN,8130,1,1,60,957.3827160493827,74.07407407407408
FN,8130,1,2,4,1409.4444444444443,44.44444444444444
FN,8131,1,1,67,2014.8765432098764,82.71604938271605
FN,8131,1,2,8,1917.111111111111,88.88888888888889
FN,8132,1,1,69,1366.9506172839506,85.18518518518519
FN,8136,1,1,74,1369.037037037037,91.35802469135803
FN,8138,1,1,77,1424.2592592592594,95.06172839506173
FN,8139,1,1,75,1171.8024691358025,92.5925925925926
FN,8140,1,1,70,1592.8765432098764,86.41975308641975
FN,8145,1,1,71,1362.283950617284,87.65432098765432
FN,8146,1,1,60,1008.8024691358024,74.07407407407408
FN,8146,1,2,6,1265.4444444444443,66.66666666666666
FN,8146,1,3,6,1159.888888888889,66.66666666666666
FN,8149,1,1,70,1384.4567901234568,86.41975308641975
FN,83664,nan,1,65,1482.148148148148,80.24691358024691
FN,9002,1,1,71,2076.2345679012346,87.65432098765432
FN,9002,3,1,66,1740.8395061728395,81.48148148148148
FN,9003,1,1,67,1222.0740740740741,82.71604938271605
FN,9003,1,2,6,1294.2222222222222,66.66666666666666
FN,9003,3,1,71,1358.3703703703704,87.65432098765432
FN,9004,1,1,69,1539.7407407407406,85.18518518518519
FN,9005,1,1,62,1157.8641975308642,76.5432098765432
FN,9005,2,1,72,1267.148148148148,88.88888888888889
FN,9005,3,1,67,1253.9753086419753,82.71604938271605
FN,9007,1,1,71,1645.7407407407406,87.65432098765432
FN,9007,1,2,8,1458.3333333333333,88.88888888888889
FN,9008,1,1,61,1374.320987654321,75.30864197530865
FN,9008,1,2,8,1471.4444444444443,88.88888888888889
FN,9009,1,1,74,1664.6296296296296,91.35802469135803
FN,9009,1,2,7,1754.5555555555557,77.77777777777779
FN,9009,2,1,74,1651.6172839506173,91.35802469135803
FN,9009,3,1,71,1435.9382716049383,87.65432098765432
FN,9010,1,1,68,1286.0246913580247,83.9506172839506
FN,9010,2,1,67,1747.7037037037037,82.71604938271605
FN,9010,3,1,65,1466.0740740740741,80.24691358024691
FN,9011,1,1,68,1656.7777777777778,83.9506172839506
FN,9011,1,2,8,1241.2222222222222,88.88888888888889
FN,9013,1,1,69,1782.2962962962963,85.18518518518519
FN,9013,2,1,73,1749.567901234568,90.12345679012346
FN,9013,3,1,73,1136.3333333333333,90.12345679012346
FN,9014,1,1,67,1353.1975308641975,82.71604938271605
FN,9014,1,2,8,1450.5555555555557,88.88888888888889
FN,9015,1,1,73,1012.7777777777778,90.12345679012346
FN,9015,1,2,8,1285.3333333333333,88.88888888888889
FN,9015,2,1,69,1093.6543209876543,85.18518518518519
FN,9015,3,1,68,985.7777777777778,83.9506172839506
FN,9017,1,1,64,1871.0,79.01234567901234
FN,9017,1,2,5,1840.5555555555557,55.55555555555556
FN,9017,2,1,74,1782.679012345679,91.35802469135803
FN,9017,3,1,66,1201.320987654321,81.48148148148148
FN,9017,3,2,8,1228.888888888889,88.88888888888889
FN,9018,1,1,64,2033.9382716049383,79.01234567901234
FN,9019,1,1,74,1764.6543209876543,91.35802469135803
FN,9019,2,1,77,1680.8148148148148,95.06172839506173
FN,9019,3,1,73,1124.8641975308642,90.12345679012346
FN,9020,1,1,65,2013.0987654320988,80.24691358024691
FN,9020,1,2,6,2282.3333333333335,66.66666666666666
FN,9021,1,1,69,1589.0246913580247,85.18518518518519
FN,9021,2,1,70,1810.1728395061727,86.41975308641975
FN,9021,3,1,69,1682.530864197531,85.18518518518519
FN,9023,1,1,76,1677.6049382716049,93.82716049382715
FN,9023,1,2,8,1518.5555555555557,88.88888888888889
FN,9023,2,1,75,1994.0123456790122,92.5925925925926
FN,9023,3,1,67,1547.679012345679,82.71604938271605
FN,9023,3,2,7,1505.4444444444443,77.77777777777779
FN,9024,1,1,66,1332.2345679012346,81.48148148148148
FN,9024,2,1,66,1226.5432098765432,81.48148148148148
FN,9024,2,2,7,1781.2222222222222,77.77777777777779
FN,9024,3,1,66,1401.0617283950617,81.48148148148148
FN,9028,1,1,65,1731.6913580246915,80.24691358024691
FN,9028,2,1,66,2130.6913580246915,81.48148148148148
FN,9028,3,1,71,1668.1975308641975,87.65432098765432
FN,9029,1,1,71,1568.7530864197531,87.65432098765432
FN,9029,2,1,67,1362.3827160493827,82.71604938271605
FN,9029,3,1,69,1069.851851851852,85.18518518518519
FN,9029,3,2,8,1535.4444444444443,88.88888888888889
FN,9030,1,1,68,1385.20987654321,83.9506172839506
FN,9030,1,2,6,1644.4444444444443,66.66666666666666
FN,9031,1,1,71,1371.3703703703704,87.65432098765432
FN,9031,2,1,70,1226.1234567901236,86.41975308641975
FN,9031,3,1,72,1135.7530864197531,88.88888888888889
FN,9033,1,1,21,1234.9753086419753,25.925925925925924
FN,9033,1,2,2,1543.7777777777778,22.22222222222222
FN,9033,2,1,64,1631.0,79.01234567901234
FN,9033,3,1,73,1789.6543209876543,90.12345679012346
FN,9034,1,1,71,1089.9012345679012,87.65432098765432
FN,9034,1,2,6,1430.111111111111,66.66666666666666
FN,9034,2,1,72,1125.8148148148148,88.88888888888889
FN,9034,3,1,70,1126.7777777777778,86.41975308641975
FN,9034,3,2,8,1307.2222222222222,88.88888888888889
FN,9035,1,1,66,1251.641975308642,81.48148148148148
FN,9035,1,2,6,1697.0,66.66666666666666
FN,9035,2,1,69,991.6666666666666,85.18518518518519
FN,9035,3,1,73,1214.851851851852,90.12345679012346
FN,9035,3,2,9,1282.5555555555557,100.0
FN,9038,1,1,67,1601.6049382716049,82.71604938271605
FN,9038,3,1,65,1554.716049382716,80.24691358024691
FN,9038,3,2,5,1651.111111111111,55.55555555555556
FN,9045,1,1,66,1233.7530864197531,81.48148148148148
FN,9045,2,1,71,1039.9259259259259,87.65432098765432
FN,9045,3,1,67,1268.0864197530864,82.71604938271605
FN,9047,1,1,67,1253.148148148148,82.71604938271605
FN,9047,1,2,9,1244.0,100.0
FN,9048,1,1,64,1452.0123456790122,79.01234567901234
FN,9048,1,2,4,2093.1111111111113,44.44444444444444
FN,9049,1,1,74,1375.3950617283951,91.35802469135803
FN,9050,1,1,64,1574.4074074074074,79.01234567901234
FN,9050,1,2,8,1381.0,88.88888888888889
FN,9051,1,1,73,1879.9382716049383,90.12345679012346
FN,9051,2,1,60,1417.1358024691358,74.07407407407408
FN,9054,1,1,77,1673.5925925925926,95.06172839506173
FN,9054,2,1,73,1351.3950617283951,90.12345679012346
FN,9054,3,1,72,1305.851851851852,88.88888888888889
FN,9056,1,1,69,1324.0987654320988,85.18518518518519
FN,9057,1,1,72,1392.3333333333333,88.88888888888889
FN,9057,2,1,74,1304.6049382716049,91.35802469135803
FN,9059,1,1,71,1216.5061728395062,87.65432098765432
FN,9059,2,1,71,1549.148148148148,87.65432098765432
FN,9059,2,2,7,1877.111111111111,77.77777777777779
FN,9060,1,1,70,1903.8395061728395,86.41975308641975
FN,9060,1,2,7,1802.6666666666667,77.77777777777779
FN,9062,1,1,65,1518.3703703703704,80.24691358024691
FN,9062,1,2,7,1995.0,77.77777777777779
FN,9062,2,1,76,1517.8395061728395,93.82716049382715
FN,9064,1,1,70,2040.641975308642,86.41975308641975
FN,9067,1,1,73,1372.20987654321,90.12345679012346
FN,9067,2,1,67,1150.2222222222222,82.71604938271605
FN,9068,1,1,75,1748.1975308641975,92.5925925925926
FN,9068,1,2,8,1202.888888888889,88.88888888888889
FN,9068,2,1,75,1577.3703703703704,92.5925925925926
FN,9070,1,1,62,1372.3703703703704,76.5432098765432
FN,9070,2,1,57,1045.2962962962963,70.37037037037037
FN,9070,2,2,6,1456.888888888889,66.66666666666666
FN,9071,1,1,67,1493.5185185185185,82.71604938271605
FN,9071,1,2,9,1328.7777777777778,100.0
FN,9073,1,1,66,1534.5185185185185,81.48148148148148
FN,9073,2,1,66,1087.1975308641975,81.48148148148148
FN,9074,1,1,70,1760.0987654320988,86.41975308641975
FN,9074,2,1,71,1479.6172839506173,87.65432098765432
FN,9076,1,1,70,1783.1975308641975,86.41975308641975
FN,9076,1,2,6,1553.888888888889,66.66666666666666
FN,9076,2,1,70,1476.0987654320988,86.41975308641975
FN,9077,1,1,74,1785.3456790123457,91.35802469135803
FN,9078,1,1,69,1967.2716049382716,85.18518518518519
FN,9078,1,2,7,1664.2222222222222,77.77777777777779
FN,9080,1,1,69,1033.0740740740741,85.18518518518519
FN,9080,1,2,6,1771.4444444444443,66.66666666666666
FN,9080,1,3,7,1405.0,77.77777777777779
FN,9081,1,1,71,1692.641975308642,87.65432098765432
FN,9081,2,1,78,1780.4814814814815,96.29629629629629
FN,9082,1,1,76,1550.1728395061727,93.82716049382715
FN,9083,1,1,72,1492.5802469135801,88.88888888888889
FN,9084,1,1,66,1210.0246913580247,81.48148148148148
FN,9086,1,1,73,1589.1604938271605,90.12345679012346
FN,9087,1,1,73,1550.358024691358,90.12345679012346
FN,9088,1,1,71,1514.20987654321,87.65432098765432
FN,9088,1,2,8,1446.0,88.88888888888889
FN,9090,1,1,65,1705.1358024691358,80.24691358024691
FN,9090,1,2,9,1563.4444444444443,100.0
FN,9092,1,1,66,1995.1851851851852,81.48148148148148
FN,9092,1,2,6,1636.0,66.66666666666666
FN,9093,1,1,66,1481.432098765432,81.48148148148148
FN,9094,1,1,68,1928.2345679012346,83.9506172839506
FN,9999,1,1,67,980.2716049382716,82.71604938271605
FN,9999,nan,1,69,1403.6913580246915,85.18518518518519
FN,FN,,1,73,1568.6666666666667,90.12345679012346
SM,1474,1,1,74,1585.6818181818182,84.0909090909091
SM,7000,1,1,57,1497.8181818181818,64.77272727272727
SM,7000,1,2,5,1298.25,62.5
SM,7001,1,1,75,1360.6477272727273,85.22727272727273
SM,7002,1,1,60,1635.590909090909,68.18181818181817
SM,7002,1,2,3,1612.0,37.5
SM,7003,1,1,70,1375.1363636363637,79.54545454545455
SM,7004,1,1,55,1321.8181818181818,62.5
SM,7005,1,1,65,1356.0,73.86363636363636
SM,7006,1,1,72,1259.875,81.81818181818183
SM,7007,1,1,43,1508.9545454545455,48.86363636363637
SM,7008,1,1,48,1295.6818181818182,54.54545454545454
SM,7008,1,2,4,1270.25,50.0
SM,7009,1,1,70,1433.215909090909,79.54545454545455
SM,7010,1,1,61,1414.3636363636363,69.31818181818183
SM,7012,1,1,64,1448.2954545454545,72.72727272727273
SM,7013,1,1,62,1148.0454545454545,70.45454545454545
SM,7014,1,1,52,1788.4772727272727,59.09090909090909
SM,7015,1,1,67,1385.409090909091,76.13636363636364
SM,7016,1,1,75,1377.1477272727273,85.22727272727273
SM,7017,1,1,63,1466.0454545454545,71.5909090909091
SM,7018,1,1,73,1249.3863636363637,82.95454545454545
SM,7018,1,2,6,1224.25,75.0
SM,7019,1,1,55,1000.1477272727273,62.5
SM,7019,1,2,5,1442.625,62.5
SM,7020,1,1,62,1343.9431818181818,70.45454545454545
SM,7021,1,1,63,1653.465909090909,71.5909090909091
SM,7022,1,1,76,1417.8181818181818,86.36363636363636
SM,7023,1,1,60,1602.409090909091,68.18181818181817
SM,7023,1,2,7,1573.375,87.5
SM,7024,1,1,75,1339.9772727272727,85.22727272727273
SM,7025,1,1,64,1414.1477272727273,72.72727272727273
SM,7026,1,1,83,1237.4545454545455,94.31818181818183
SM,7027,1,1,74,1498.375,84.0909090909091
SM,7028,1,1,72,1420.25,81.81818181818183
SM,7029,1,1,64,1320.9431818181818,72.72727272727273
SM,7030,1,1,73,1547.3522727272727,82.95454545454545
SM,7031,1,1,48,1329.5795454545455,54.54545454545454
SM,7031,1,1,48,1329.5795454545455,54.54545454545454
SM,7031,1,2,5,1080.0,62.5
SM,7031,1,2,5,1080.0,62.5
SM,7032,1,1,67,1494.9431818181818,76.13636363636364
SM,7032,1,2,4,1484.5,50.0
SM,7033,1,1,56,1524.9886363636363,63.63636363636363
SM,7033,1,2,3,1550.75,37.5
SM,7034,1,1,46,1269.2727272727273,52.27272727272727
SM,7034,1,2,5,913.25,62.5
SM,7035,1,1,67,1244.9545454545455,76.13636363636364
SM,7037,1,1,32,1581.75,36.36363636363637
SM,7037,1,2,4,1354.5,50.0
SM,7039,1,1,58,1570.8295454545455,65.9090909090909
SM,7040,1,1,70,1402.7727272727273,79.54545454545455
SM,7040,1,2,7,1480.25,87.5
SM,7041,1,1,67,1459.1704545454545,76.13636363636364
SM,7042,1,1,62,1517.0113636363637,70.45454545454545
SM,7042,1,2,5,1574.25,62.5
SM,7043,1,1,72,1401.1363636363637,81.81818181818183
SM,7043,1,2,7,1412.375,87.5
SM,7044,1,1,50,1149.6022727272727,56.81818181818182
SM,7045,1,1,51,1687.0,57.95454545454546
SM,7046,1,1,69,1319.2954545454545,78.4090909090909
SM,7047,1,1,60,1374.3636363636363,68.18181818181817
SM,7048,1,1,63,1530.465909090909,71.5909090909091
SM,7048,1,2,3,1888.375,37.5
SM,7049,1,1,64,1412.0,72.72727272727273
SM,7050,1,1,65,1256.2954545454545,73.86363636363636
SM,7050,1,2,6,1457.25,75.0
SM,7052,1,1,66,1370.090909090909,75.0
SM,7053,1,1,76,1089.2727272727273,86.36363636363636
SM,7054,1,1,77,1298.2727272727273,87.5
SM,7055,1,1,56,1494.4431818181818,63.63636363636363
SM,7056,1,1,55,1288.9772727272727,62.5
SM,7056,1,2,6,1317.25,75.0
SM,7057,1,1,33,1539.840909090909,37.5
SM,7057,1,2,4,1418.5,50.0
SM,7058,1,1,78,1233.909090909091,88.63636363636364
SM,7059,1,1,72,1276.8863636363637,81.81818181818183
SM,7061,1,1,60,1445.0113636363637,68.18181818181817
SM,7062,1,1,66,1580.8181818181818,75.0
SM,7062,1,2,6,1622.125,75.0
SM,7063,1,1,77,1413.340909090909,87.5
SM,7064,1,1,58,1645.5681818181818,65.9090909090909
SM,7064,1,2,5,1724.125,62.5
SM,7065,1,1,54,1500.8181818181818,61.36363636363637
SM,7067,1,1,64,1580.7045454545455,72.72727272727273
SM,7067,1,2,3,1524.125,37.5
SM,7068,1,1,63,1470.7727272727273,71.5909090909091
SM,7068,1,2,7,1260.0,87.5
SM,7069,1,1,59,1596.4431818181818,67.04545454545455
SM,7070,1,1,58,1456.1818181818182,65.9090909090909
SM,7072,1,1,54,1425.3522727272727,61.36363636363637
SM,7072,1,2,7,1442.75,87.5
SM,7073,1,1,42,1625.7613636363637,47.72727272727273
SM,7073,1,2,3,1687.125,37.5
SM,7075,1,1,57,1443.8636363636363,64.77272727272727
SM,7076,1,1,78,1542.4318181818182,88.63636363636364
SM,7077,1,1,72,1444.4886363636363,81.81818181818183
SM,7078,1,1,64,1494.4545454545455,72.72727272727273
SM,7078,1,2,6,1552.625,75.0
SM,7079,1,1,62,1198.25,70.45454545454545
SM,7079,1,2,7,1255.75,87.5
SM,7080,1,1,69,1345.2954545454545,78.4090909090909
SM,7082,1,1,59,1568.9772727272727,67.04545454545455
SM,7083,1,1,71,1469.2954545454545,80.68181818181817
SM,7084,1,1,72,1406.4431818181818,81.81818181818183
SM,7085,1,1,41,1207.3522727272727,46.590909090909086
SM,7085,1,2,5,1305.375,62.5
SM,7086,1,1,63,1470.7727272727273,71.5909090909091
SM,7086,1,2,7,1260.0,87.5
SM,7087,1,1,75,1342.2613636363637,85.22727272727273
SM,7088,1,1,53,1459.5568181818182,60.22727272727273
SM,7088,1,2,6,1454.5,75.0
SM,7089,1,1,79,1239.909090909091,89.77272727272727
SM,7090,1,1,60,1268.125,68.18181818181817
SM,7091,1,1,54,1575.9204545454545,61.36363636363637
SM,7092,1,1,58,1339.284090909091,65.9090909090909
SM,7092,1,2,8,1483.0,100.0
SM,7093,1,1,68,1414.534090909091,77.27272727272727
SM,7094,1,1,54,1632.75,61.36363636363637
SM,7094,1,2,7,1639.75,87.5
SM,7096,1,1,58,1590.6477272727273,65.9090909090909
SM,7096,1,2,6,1525.875,75.0
SM,7097,1,1,62,1416.215909090909,70.45454545454545
SM,7098,1,1,72,1416.8636363636363,81.81818181818183
SM,7099,1,1,72,1317.0454545454545,81.81818181818183
SM,7102,1,1,61,1441.4204545454545,69.31818181818183
SM,7103,1,1,63,1592.0,71.5909090909091
SM,7104,1,1,65,1551.7272727272727,73.86363636363636
SM,7105,1,1,73,1276.5,82.95454545454545
SM,7106,1,1,67,1465.6022727272727,76.13636363636364
SM,7107,1,1,68,1259.1022727272727,77.27272727272727
SM,7108,1,1,69,1452.159090909091,78.4090909090909
SM,7109,1,1,58,1537.1477272727273,65.9090909090909
SM,7110,1,1,57,1289.0568181818182,64.77272727272727
SM,7111,1,1,65,1644.6363636363637,73.86363636363636
SM,7112,1,1,49,1397.340909090909,55.68181818181818
SM,7113,1,1,52,1680.2272727272727,59.09090909090909
SM,7114,1,1,66,1514.6363636363637,75.0
SM,7115,1,1,74,1258.3977272727273,84.0909090909091
SM,7116,1,1,51,1620.0681818181818,57.95454545454546
SM,7117,1,1,46,1718.0568181818182,52.27272727272727
SM,7117,1,2,6,1703.0,75.0
SM,7118,1,1,45,1595.3181818181818,51.13636363636363
SM,7120,1,1,66,1523.9318181818182,75.0
SM,7122,1,1,49,1397.340909090909,55.68181818181818
SM,7123,1,1,65,1414.9772727272727,73.86363636363636
SM,7123,1,2,8,1306.625,100.0
SM,7124,1,1,37,1355.7727272727273,42.04545454545455
SM,7124,1,2,4,1346.5,50.0
SM,7125,1,1,50,1551.5681818181818,56.81818181818182
SM,7126,1,1,48,1507.909090909091,54.54545454545454
SM,7128,1,1,62,1346.715909090909,70.45454545454545
SM,7129,1,1,70,1525.284090909091,79.54545454545455
SM,7130,1,1,52,1619.1136363636363,59.09090909090909
SM,7131,1,1,47,1517.8295454545455,53.40909090909091
SM,7132,1,1,70,1228.4772727272727,79.54545454545455
SM,7133,1,1,56,1743.284090909091,63.63636363636363
SM,7134,1,1,71,1376.3977272727273,80.68181818181817
SM,7136,1,1,48,1555.9545454545455,54.54545454545454
SM,7136,1,2,3,1632.75,37.5
SM,7137,1,1,44,1541.75,50.0
SM,7137,1,2,1,1883.75,12.5
SM,7137,1,3,6,1411.0,75.0
SM,7138,1,1,60,1468.1363636363637,68.18181818181817
SM,7139,1,1,68,1613.2045454545455,77.27272727272727
SM,7140,1,1,78,1402.5,88.63636363636364
SM,7141,1,1,62,1508.8181818181818,70.45454545454545
SM,7142,1,1,70,1376.0227272727273,79.54545454545455
SM,7143,1,1,54,1372.340909090909,61.36363636363637
SM,7145,1,1,73,1334.7045454545455,82.95454545454545
SM,7145,1,2,5,1697.375,62.5
SM,7146,1,1,65,1402.8295454545455,73.86363636363636
SM,7146,1,2,2,1672.625,25.0
SM,7147,1,1,61,1590.090909090909,69.31818181818183
SM,7150,1,1,49,1572.3522727272727,55.68181818181818
SM,7151,1,1,64,1476.7386363636363,72.72727272727273
SM,7152,1,1,61,1143.3636363636363,69.31818181818183
SM,7153,1,1,55,1594.2272727272727,62.5
SM,7155,1,1,40,1715.4545454545455,45.45454545454545
SM,7155,1,2,5,1820.0,62.5
SM,7156,1,1,78,1201.8977272727273,88.63636363636364
SM,7157,1,1,55,1373.0681818181818,62.5
SM,7158,1,1,64,1194.75,72.72727272727273
SM,7159,1,1,67,1532.034090909091,76.13636363636364
SM,7159,1,2,8,1555.375,100.0
SM,7160,1,1,51,1497.4204545454545,57.95454545454546
SM,7160,1,2,4,1695.0,50.0
SM,7161,1,1,64,1553.5681818181818,72.72727272727273
SM,7161,1,2,7,1454.75,87.5
SM,7164,1,1,65,1488.909090909091,73.86363636363636
SM,7165,1,1,65,1145.1931818181818,73.86363636363636
SM,7165,1,2,7,1457.25,87.5
SM,7166,1,1,39,1746.590909090909,44.31818181818182
SM,7167,1,1,58,1417.4886363636363,65.9090909090909
SM,7167,1,2,3,1588.0,37.5
SM,7167,1,3,6,1491.25,75.0
SM,7168,1,1,49,1559.590909090909,55.68181818181818
SM,7170,1,1,54,1467.659090909091,61.36363636363637
SM,7170,1,2,5,1330.375,62.5
SM,7171,1,1,77,1099.8863636363637,87.5
SM,7172,1,1,63,1435.284090909091,71.5909090909091
SM,7172,1,2,6,1482.75,75.0
SM,7173,1,1,49,1398.1477272727273,55.68181818181818
SM,7173,1,2,3,1271.375,37.5
SM,7174,1,1,50,1423.340909090909,56.81818181818182
SM,7174,1,2,5,1441.375,62.5
SM,7175,1,1,63,1479.8295454545455,71.5909090909091
SM,7176,1,1,59,1411.4772727272727,67.04545454545455
SM,7176,1,2,5,1454.75,62.5
SM,7177,1,1,60,1368.0681818181818,68.18181818181817
SM,7178,1,1,68,1393.1704545454545,77.27272727272727
SM,7180,1,1,69,1437.4318181818182,78.4090909090909
SM,7181,1,1,73,1297.3977272727273,82.95454545454545
SM,7182,1,1,58,1518.4545454545455,65.9090909090909
SM,7182,1,2,4,1594.125,50.0
SM,7183,1,1,33,1478.25,37.5
SM,7183,1,2,5,1302.75,62.5
SM,7186,1,1,67,1543.7272727272727,76.13636363636364
SM,7187,1,1,62,1518.7272727272727,70.45454545454545
SM,7187,1,2,5,1703.0,62.5
SM,7188,1,1,55,1553.7613636363637,62.5
SM,7189,1,1,54,1591.4886363636363,61.36363636363637
SM,7190,1,1,65,1482.8181818181818,73.86363636363636
SM,7191,1,1,58,1497.3863636363637,65.9090909090909
SM,7192,1,1,65,1345.9772727272727,73.86363636363636
SM,7194,1,1,74,1354.2613636363637,84.0909090909091
SM,7195,1,1,71,1436.8522727272727,80.68181818181817
SM,7196,1,1,59,1587.3295454545455,67.04545454545455
SM,7197,1,1,71,1437.9318181818182,80.68181818181817
SM,7199,1,1,64,1588.9431818181818,72.72727272727273
SM,7200,1,1,73,1371.0795454545455,82.95454545454545
SM,7201,1,1,51,1710.6136363636363,57.95454545454546
SM,7201,1,2,4,1705.0,50.0
SM,7202,1,1,69,1186.2045454545455,78.4090909090909
SM,7203,1,1,67,1424.4886363636363,76.13636363636364
SM,7204,1,1,71,1368.0113636363637,80.68181818181817
SM,7205,1,1,42,1533.125,47.72727272727273
SM,7206,1,1,65,1518.6477272727273,73.86363636363636
SM,7207,1,1,63,1383.7954545454545,71.5909090909091
SM,7208,1,1,75,1311.9204545454545,85.22727272727273
SM,7209,1,1,66,1331.2272727272727,75.0
SM,7209,1,2,6,1261.375,75.0
SM,7211,1,1,59,1411.4772727272727,67.04545454545455
SM,7211,1,2,4,1777.25,50.0
SM,7212,1,1,62,1409.7727272727273,70.45454545454545
SM,7213,1,1,69,1452.4772727272727,78.4090909090909
SM,7214,1,1,68,1263.625,77.27272727272727
SM,7215,1,1,65,1429.5227272727273,73.86363636363636
SM,7216,1,1,62,1391.875,70.45454545454545
SM,7218,1,1,36,1255.034090909091,40.909090909090914
SM,7219,1,1,45,1523.034090909091,51.13636363636363
SM,7220,1,1,50,1556.0681818181818,56.81818181818182
SM,7221,1,1,50,1612.2613636363637,56.81818181818182
SM,7222,1,1,67,1396.5795454545455,76.13636363636364
SM,7223,1,1,51,1308.9204545454545,57.95454545454546
SM,7225,1,1,46,1203.590909090909,52.27272727272727
SM,7226,1,1,78,1164.965909090909,88.63636363636364
SM,7227,1,1,73,1321.5113636363637,82.95454545454545
SM,7229,1,1,71,1235.7613636363637,80.68181818181817
SM,7230,1,1,23,1780.1477272727273,26.136363636363637
SM,7231,1,1,69,1375.9204545454545,78.4090909090909
SM,7232,1,1,64,1477.875,72.72727272727273
SM,7233,1,1,61,1537.159090909091,69.31818181818183
SM,7234,1,1,70,1422.375,79.54545454545455
SM,7235,1,1,64,1358.284090909091,72.72727272727273
SM,7237,1,1,75,1221.5227272727273,85.22727272727273
SM,7238,1,1,58,1346.3863636363637,65.9090909090909
SM,7238,1,2,6,1298.875,75.0
SM,7239,1,1,70,1319.1704545454545,79.54545454545455
SM,7239,1,2,6,1436.875,75.0
SM,7240,nan,1,61,1312.0681818181818,69.31818181818183
SM,7241,1,1,65,1590.4886363636363,73.86363636363636
SM,7242,1,1,51,1171.3068181818182,57.95454545454546
SM,7243,1,1,63,1476.1363636363637,71.5909090909091
SM,7246,nan,1,58,1601.840909090909,65.9090909090909
SM,7246,nan,2,5,1634.875,62.5
SM,7248,1,1,62,1519.1818181818182,70.45454545454545
SM,7249,1,1,70,1587.3977272727273,79.54545454545455
SM,7250,1,1,44,1462.034090909091,50.0
SM,7251,1,1,65,1334.3977272727273,73.86363636363636
SM,7252,1,1,74,1319.75,84.0909090909091
SM,7254,1,1,73,1344.2386363636363,82.95454545454545
SM,7255,1,1,50,1463.8636363636363,56.81818181818182
SM,7700,1,1,66,1605.7045454545455,75.0
SM,7701,1,1,47,1728.090909090909,53.40909090909091
SM,7701,1,2,6,1638.125,75.0
SM,7702,1,1,58,1445.875,65.9090909090909
SM,7703,1,1,48,1603.534090909091,54.54545454545454
SM,7704,nan,1,69,1619.5568181818182,78.4090909090909
SM,7704,nan,2,7,1514.625,87.5
SM,7705,1,1,53,1409.0,60.22727272727273
SM,7706,1,1,76,1327.6704545454545,86.36363636363636
SM,7707,1,1,15,1259.3076923076924,38.46153846153847
SM,7708,1,1,45,1500.8863636363637,51.13636363636363
SM,7709,1,1,52,1721.5568181818182,59.09090909090909
SM,7709,1,2,5,1694.25,62.5
SM,7710,1,1,48,1336.2272727272727,54.54545454545454
SM,7710,1,2,5,1342.875,62.5
SM,7710,1,3,5,1237.875,62.5
SM,7712,1,1,42,1793.6022727272727,47.72727272727273
SM,7712,1,2,4,1790.25,50.0
SM,7713,nan,1,56,1569.2954545454545,63.63636363636363
SM,7713,nan,2,5,1351.25,62.5
SM,7714,1,1,49,1695.284090909091,55.68181818181818
SM,7714,1,2,4,1696.5,50.0
SM,7715,1,1,74,1585.6818181818182,84.0909090909091
SM,7716,1,1,60,1471.6704545454545,68.18181818181817
SM,7717,nan,1,41,1749.5454545454545,46.590909090909086
SM,7717,nan,2,5,1761.875,62.5
SM,7718,1,1,62,1452.6477272727273,70.45454545454545
SM,7718,1,2,8,1460.5,100.0
SM,7721,nan,1,65,1291.5227272727273,73.86363636363636
SM,7721,nan,2,6,1357.375,75.0
SM,7722,1,1,53,1669.6136363636363,60.22727272727273
SM,7722,1,2,6,1655.375,75.0
SM,7723,nan,1,32,1759.4545454545455,36.36363636363637
SM,7724,1,1,49,1679.965909090909,55.68181818181818
SM,7725,1,1,49,1454.5113636363637,55.68181818181818
SM,7726,1,1,53,1501.2272727272727,60.22727272727273
SM,7727,1,1,48,1651.0795454545455,54.54545454545454
SM,7728,1,1,59,1622.4886363636363,67.04545454545455
SM,7728,1,2,6,1664.875,75.0
SM,7729,1,1,31,1676.0454545454545,35.22727272727273
SM,7729,1,2,4,1703.875,50.0
SM,7730,1,1,43,1528.1477272727273,48.86363636363637
SM,7732,1,1,56,1462.4318181818182,63.63636363636363
SM,7732,1,2,5,1732.875,62.5
SM,7733,1,1,58,1697.2613636363637,65.9090909090909
SM,7733,1,2,6,1643.5,75.0
SM,7734,1,1,51,1401.9431818181818,57.95454545454546
SM,7735,1,1,49,1558.25,55.68181818181818
SM,7735,1,2,2,1571.125,25.0
SM,7735,1,3,5,1629.125,62.5
SM,7736,1,1,69,1306.0113636363637,78.4090909090909
SM,7736,1,2,4,1135.125,50.0
SM,7738,1,1,62,1446.625,70.45454545454545
SM,7739,1,1,12,1952.375,13.636363636363635
SM,7739,1,2,4,1828.75,50.0
SM,7739,1,3,5,1769.875,62.5
SM,7740,1,1,51,1690.0454545454545,57.95454545454546
SM,7740,1,2,6,1739.25,75.0
SM,7742,1,1,59,1484.034090909091,67.04545454545455
SM,7742,1,2,6,1536.75,75.0
SM,7743,1,1,56,1543.4772727272727,63.63636363636363
SM,7744,1,1,63,1529.6477272727273,71.5909090909091
SM,7745,1,1,70,1245.2045454545455,79.54545454545455
SM,7746,1,1,54,1675.034090909091,61.36363636363637
SM,7747,1,1,62,1474.840909090909,70.45454545454545
SM,7748,1,1,65,1566.4772727272727,73.86363636363636
SM,7748,1,2,5,1687.75,62.5
SM,7749,1,1,62,1577.4545454545455,70.45454545454545
SM,7750,1,1,63,1263.3636363636363,71.5909090909091
SM,7751,1,1,57,1635.6136363636363,64.77272727272727
SM,7752,1,1,66,1532.75,75.0
SM,7753,1,1,62,1528.8068181818182,70.45454545454545
SM,7754,1,1,51,1611.2045454545455,57.95454545454546
SM,7755,nan,1,69,1549.7727272727273,78.4090909090909
SM,7756,1,1,70,1393.1022727272727,79.54545454545455
SM,7757,1,1,62,1067.7272727272727,70.45454545454545
SM,7757,1,2,6,1284.5,75.0
SM,7758,1,1,67,1268.2386363636363,76.13636363636364
SM,7759,1,1,70,1587.7045454545455,79.54545454545455
SM,7760,nan,1,48,1654.715909090909,54.54545454545454
SM,7761,1,1,52,1493.1363636363637,59.09090909090909
SM,7761,1,2,5,1314.625,62.5
SM,7762,1,1,45,1764.2272727272727,51.13636363636363
SM,7762,1,2,3,1694.5,37.5
SM,7763,1,1,62,1539.659090909091,70.45454545454545
SM,7764,1,1,58,1554.6363636363637,65.9090909090909
SM,7764,1,2,6,1518.0,75.0
SM,7765,1,1,49,1598.0113636363637,55.68181818181818
SM,7765,1,2,5,1511.375,62.5
SM,7766,nan,1,56,1681.9886363636363,63.63636363636363
SM,7766,nan,2,6,1721.875,75.0
SM,7767,1,1,52,1653.159090909091,59.09090909090909
SM,7767,1,2,4,1666.125,50.0
SM,7768,1,1,64,1305.1136363636363,72.72727272727273
SM,7768,1,2,8,1205.75,100.0
SM,7769,1,1,57,1605.8863636363637,64.77272727272727
SM,7770,1,1,62,1278.7613636363637,70.45454545454545
SM,7771,nan,1,66,1487.8295454545455,75.0
SM,7772,1,1,62,1264.4545454545455,70.45454545454545
SM,7772,1,2,5,1340.0,62.5
SM,7773,1,1,39,1634.9431818181818,44.31818181818182
SM,7773,1,2,3,1635.875,37.5
SM,7774,1,1,59,1590.6704545454545,67.04545454545455
SM,7775,1,1,66,1643.6136363636363,75.0
SM,7776,1,1,73,1253.3977272727273,82.95454545454545
SM,7777,1,1,61,1512.840909090909,69.31818181818183
SM,7778,1,1,38,1605.5,43.18181818181818
SM,7779,1,1,62,1524.1818181818182,70.45454545454545
SM,7780,1,1,73,1554.6363636363637,82.95454545454545
SM,7780,1,2,4,1610.25,50.0
SM,7781,1,1,62,1485.5681818181818,70.45454545454545
SM,7781,1,2,3,1716.5,37.5
SM,7782,1,1,56,1552.2727272727273,63.63636363636363
SM,7783,1,1,32,1525.715909090909,36.36363636363637
SM,7784,1,1,44,1688.8295454545455,50.0
SM,7786,1,1,64,1503.1136363636363,72.72727272727273
SM,7787,1,1,56,1695.590909090909,63.63636363636363
SM,7788,1,1,48,1687.6818181818182,54.54545454545454
SM,7788,1,2,4,1629.875,50.0
SM,7788,1,3,3,1728.125,37.5
SM,7789,1,1,61,1496.1477272727273,69.31818181818183
SM,7790,1,1,47,1678.25,53.40909090909091
SM,7790,1,2,5,1793.875,62.5
SM,7790,1,3,3,1837.75,37.5
SM,7791,1,1,64,1540.4886363636363,72.72727272727273
SM,7792,1,1,46,1285.4431818181818,52.27272727272727
SM,7793,1,1,47,1493.5568181818182,53.40909090909091
SM,7793,1,2,4,1465.125,50.0
SM,7794,1,1,41,1539.1704545454545,46.590909090909086
SM,7794,1,2,3,1514.5,37.5
SM,7795,1,1,43,1691.1704545454545,48.86363636363637
SM,7797,1,1,54,1620.9886363636363,61.36363636363637
SM,7798,1,1,43,1569.5,48.86363636363637
SM,7799,1,1,64,1460.2386363636363,72.72727272727273
SM,7799,1,2,6,1510.5,75.0
SM,7800,1,1,64,1480.6704545454545,72.72727272727273
SM,7801,1,1,68,1541.5568181818182,77.27272727272727
SM,7802,1,1,63,1424.2386363636363,71.5909090909091
SM,7802,1,2,6,1542.75,75.0
SM,7803,1,1,60,1457.0568181818182,68.18181818181817
SM,7805,1,1,64,1400.909090909091,72.72727272727273
SM,7806,1,1,61,1665.4318181818182,69.31818181818183
SM,7806,1,2,7,1802.375,87.5
SM,7807,1,1,55,1603.6136363636363,62.5
SM,7807,1,2,6,1616.125,75.0
SM,7808,nan,1,43,1784.6704545454545,48.86363636363637
SM,7810,1,1,56,989.4318181818181,63.63636363636363
SM,8000,1,1,62,1538.1363636363637,70.45454545454545
SM,8000,1,2,5,1528.75,62.5
SM,8000,2,1,62,1675.4431818181818,70.45454545454545
SM,8000,3,1,66,1580.8181818181818,75.0
SM,8001,1,1,64,1505.75,72.72727272727273
SM,8001,1,2,7,1465.25,87.5
SM,8002,1,1,49,1656.9318181818182,55.68181818181818
SM,8002,2,1,73,1362.6136363636363,82.95454545454545
SM,8002,3,1,67,1463.1136363636363,76.13636363636364
SM,8003,1,1,64,1500.1136363636363,72.72727272727273
SM,8003,1,2,7,1292.25,87.5
SM,8003,2,1,59,1577.0,67.04545454545455
SM,8003,3,1,66,1455.6477272727273,75.0
SM,8004,1,1,57,1287.6136363636363,64.77272727272727
SM,8004,2,1,65,1220.5113636363637,73.86363636363636
SM,8004,3,1,58,1338.034090909091,65.9090909090909
SM,8004,3,2,6,1364.75,75.0
SM,8005,1,1,60,1538.090909090909,68.18181818181817
SM,8005,2,1,71,1209.590909090909,80.68181818181817
SM,8005,3,1,70,1254.875,79.54545454545455
SM,8006,1,1,73,1215.5681818181818,82.95454545454545
SM,8006,1,1,73,1215.5681818181818,82.95454545454545
SM,8006,2,1,68,1167.4886363636363,77.27272727272727
SM,8006,2,1,68,1167.4886363636363,77.27272727272727
SM,8006,3,1,74,1129.0454545454545,84.0909090909091
SM,8008,1,1,45,1629.5227272727273,51.13636363636363
SM,8008,2,1,54,1519.6818181818182,61.36363636363637
SM,8008,2,2,6,1562.375,75.0
SM,8008,3,1,68,1503.090909090909,77.27272727272727
SM,8009,1,1,58,1192.5,65.9090909090909
SM,8009,2,1,65,1122.590909090909,73.86363636363636
SM,8009,3,1,52,1192.159090909091,59.09090909090909
SM,8011,1,1,75,1123.6477272727273,85.22727272727273
SM,8011,2,1,77,1111.340909090909,87.5
SM,8011,3,1,73,1130.3522727272727,82.95454545454545
SM,8012,1,1,77,1444.3636363636363,87.5
SM,8012,1,1,77,1444.3636363636363,87.5
SM,8012,2,1,82,1295.4204545454545,93.18181818181817
SM,8012,3,1,80,1410.284090909091,90.9090909090909
SM,8014,1,1,65,1451.5113636363637,73.86363636363636
SM,8014,2,1,55,1421.9772727272727,62.5
SM,8014,3,1,66,1565.7613636363637,75.0
SM,8015,1,1,44,1230.3181818181818,50.0
SM,8016,1,1,57,1569.5227272727273,64.77272727272727
SM,8016,1,2,5,1617.75,62.5
SM,8016,2,1,57,1535.340909090909,64.77272727272727
SM,8016,3,1,53,1540.0,60.22727272727273
SM,8017,1,1,71,1289.659090909091,80.68181818181817
SM,8017,1,2,5,1579.25,62.5
SM,8017,2,1,69,1196.3181818181818,78.4090909090909
SM,8017,3,1,59,1487.7613636363637,67.04545454545455
SM,8018,1,1,60,1607.5568181818182,68.18181818181817
SM,8018,1,2,8,1530.375,100.0
SM,8018,2,1,67,1626.6136363636363,76.13636363636364
SM,8018,3,1,70,1478.0113636363637,79.54545454545455
SM,8019,1,1,51,1603.965909090909,57.95454545454546
SM,8019,1,2,5,1779.375,62.5
SM,8019,2,1,64,1538.25,72.72727272727273
SM,8019,3,1,64,1532.4204545454545,72.72727272727273
SM,8020,2,1,61,1594.3295454545455,69.31818181818183
SM,8020,3,1,40,1771.4886363636363,45.45454545454545
SM,8021,1,1,69,1532.7954545454545,78.4090909090909
SM,8021,2,1,73,1508.2272727272727,82.95454545454545
SM,8022,1,1,71,1547.340909090909,80.68181818181817
SM,8022,1,2,6,1710.625,75.0
SM,8022,2,1,84,1253.6931818181818,95.45454545454545
SM,8022,3,1,79,1330.340909090909,89.77272727272727
SM,8023,1,1,63,1367.5568181818182,71.5909090909091
SM,8023,2,1,60,1568.6931818181818,68.18181818181817
SM,8023,3,1,55,1415.4204545454545,62.5
SM,8024,1,1,33,1468.784090909091,37.5
SM,8024,1,2,2,1544.75,25.0
SM,8024,2,1,17,1443.6704545454545,19.318181818181817
SM,8026,1,1,70,1369.75,79.54545454545455
SM,8026,2,1,76,1243.965909090909,86.36363636363636
SM,8026,3,1,75,1202.6818181818182,85.22727272727273
SM,8027,1,1,67,1459.1704545454545,76.13636363636364
SM,8027,2,1,62,1396.9545454545455,70.45454545454545
SM,8030,1,1,58,1464.3295454545455,65.9090909090909
SM,8030,2,1,62,1483.2954545454545,70.45454545454545
SM,8030,3,1,65,1479.5454545454545,73.86363636363636
SM,8031,1,1,73,1393.284090909091,82.95454545454545
SM,8031,2,1,77,1283.409090909091,87.5
SM,8031,3,1,77,1250.5681818181818,87.5
SM,8032,1,1,76,1477.3636363636363,86.36363636363636
SM,8032,2,1,68,1452.3068181818182,77.27272727272727
SM,8032,3,1,80,1338.7272727272727,90.9090909090909
SM,8034,1,1,63,1560.7727272727273,71.5909090909091
SM,8035,1,1,54,1544.4431818181818,61.36363636363637
SM,8035,2,1,69,1381.090909090909,78.4090909090909
SM,8035,3,1,72,1352.7954545454545,81.81818181818183
SM,8036,1,1,52,1600.7386363636363,59.09090909090909
SM,8036,2,1,51,1647.6022727272727,57.95454545454546
SM,8036,2,2,2,1564.375,25.0
SM,8036,3,1,50,1718.7727272727273,56.81818181818182
SM,8037,1,1,65,1430.590909090909,73.86363636363636
SM,8037,2,1,67,1429.409090909091,76.13636363636364
SM,8037,3,1,77,1324.465909090909,87.5
SM,8038,1,1,69,1378.5454545454545,78.4090909090909
SM,8038,2,1,67,1396.0113636363637,76.13636363636364
SM,8038,3,1,76,1426.9886363636363,86.36363636363636
SM,8039,1,1,69,1069.6704545454545,78.4090909090909
SM,8039,2,1,73,1167.1136363636363,82.95454545454545
SM,8039,3,1,70,1097.8863636363637,79.54545454545455
SM,8040,1,1,69,1475.4772727272727,78.4090909090909
SM,8040,2,1,65,1408.6477272727273,73.86363636363636
SM,8040,3,1,72,1433.6477272727273,81.81818181818183
SM,8042,1,1,59,1605.0568181818182,67.04545454545455
SM,8042,1,2,6,1517.375,75.0
SM,8046,1,1,65,1447.7613636363637,73.86363636363636
SM,8046,2,1,79,1210.9772727272727,89.77272727272727
SM,8046,3,1,72,1283.1818181818182,81.81818181818183
SM,8047,1,1,74,1408.590909090909,84.0909090909091
SM,8047,2,1,74,1348.3977272727273,84.0909090909091
SM,8047,3,1,74,1332.6363636363637,84.0909090909091
SM,8048,1,1,75,1204.5227272727273,85.22727272727273
SM,8048,2,1,77,1298.590909090909,87.5
SM,8048,3,1,78,1199.0795454545455,88.63636363636364
SM,8050,1,1,71,1495.0795454545455,80.68181818181817
SM,8050,2,1,73,1352.534090909091,82.95454545454545
SM,8051,1,1,51,1306.659090909091,57.95454545454546
SM,8051,2,1,62,1365.5,70.45454545454545
SM,8051,3,1,51,1261.0454545454545,57.95454545454546
SM,8052,1,1,69,1422.5795454545455,78.4090909090909
SM,8052,2,1,71,1292.7386363636363,80.68181818181817
SM,8052,3,1,69,1337.5795454545455,78.4090909090909
SM,8053,1,1,57,1437.159090909091,64.77272727272727
SM,8053,2,1,68,1254.8863636363637,77.27272727272727
SM,8053,nan,1,64,1410.4204545454545,72.72727272727273
SM,8053,nan,2,4,1575.75,50.0
SM,8054,1,1,69,1392.5568181818182,78.4090909090909
SM,8054,2,1,70,1223.4318181818182,79.54545454545455
SM,8056,1,1,56,1570.340909090909,63.63636363636363
SM,8056,2,1,65,1244.3863636363637,73.86363636363636
SM,8056,3,1,65,1303.875,73.86363636363636
SM,8058,1,1,72,1211.2613636363637,81.81818181818183
SM,8058,2,1,75,1156.9545454545455,85.22727272727273
SM,8060,1,1,76,1323.6818181818182,86.36363636363636
SM,8060,2,1,79,1282.7954545454545,89.77272727272727
SM,8060,3,1,78,1149.9772727272727,88.63636363636364
SM,8061,1,1,66,1580.8295454545455,75.0
SM,8061,1,2,5,1496.375,62.5
SM,8062,1,1,67,1400.8068181818182,76.13636363636364
SM,8062,2,1,69,1304.6477272727273,78.4090909090909
SM,8063,1,1,69,1386.7613636363637,78.4090909090909
SM,8063,2,1,73,1290.034090909091,82.95454545454545
SM,8063,nan,1,66,1192.7272727272727,75.0
SM,8064,1,1,64,1417.875,72.72727272727273
SM,8064,2,1,75,1313.159090909091,85.22727272727273
SM,8065,2,1,58,1267.7386363636363,65.9090909090909
SM,8065,nan,1,20,1447.4204545454545,22.727272727272727
SM,8066,2,1,69,1377.3522727272727,78.4090909090909
SM,8066,3,1,74,1327.1363636363637,84.0909090909091
SM,8067,1,1,60,1549.9318181818182,68.18181818181817
SM,8068,1,1,50,1515.875,56.81818181818182
SM,8068,2,1,68,1426.7272727272727,77.27272727272727
SM,8068,nan,1,70,1473.7727272727273,79.54545454545455
SM,8069,1,1,67,1396.6477272727273,76.13636363636364
SM,8069,2,1,56,1450.9886363636363,63.63636363636363
SM,8069,nan,1,56,1432.4886363636363,63.63636363636363
SM,8070,1,1,75,1150.7613636363637,85.22727272727273
SM,8070,2,1,82,1236.534090909091,93.18181818181817
SM,8070,nan,1,83,1170.7386363636363,94.31818181818183
SM,8072,1,1,50,1302.1704545454545,56.81818181818182
SM,8072,2,1,44,1229.0568181818182,50.0
SM,8073,2,1,71,1331.4318181818182,80.68181818181817
SM,8073,3,1,75,1251.340909090909,85.22727272727273
SM,8073,nan,1,70,1396.284090909091,79.54545454545455
SM,8073,nan,2,8,1355.75,100.0
SM,8074,1,1,72,1510.7386363636363,81.81818181818183
SM,8074,2,1,81,1281.3522727272727,92.04545454545455
SM,8074,nan,1,76,1362.2727272727273,86.36363636363636
SM,8075,1,1,59,1239.6704545454545,67.04545454545455
SM,8075,3,1,78,1267.8977272727273,88.63636363636364
SM,8075,nan,1,73,1251.8295454545455,82.95454545454545
SM,8076,1,1,63,1502.9318181818182,71.5909090909091
SM,8076,2,1,74,1386.2386363636363,84.0909090909091
SM,8076,3,1,77,1363.465909090909,87.5
SM,8078,1,1,42,1533.125,47.72727272727273
SM,8078,2,1,47,1546.5454545454545,53.40909090909091
SM,8078,3,1,57,1530.5227272727273,64.77272727272727
SM,8079,1,1,67,1396.5795454545455,76.13636363636364
SM,8079,2,1,70,1284.0454545454545,79.54545454545455
SM,8079,3,1,63,1460.0113636363637,71.5909090909091
SM,8080,1,1,49,1530.5,55.68181818181818
SM,8080,1,2,2,1535.5,25.0
SM,8080,2,1,60,1509.7727272727273,68.18181818181817
SM,8080,3,1,57,1535.0795454545455,64.77272727272727
SM,8080,3,2,4,1493.0,50.0
SM,8081,1,1,46,1269.2727272727273,52.27272727272727
SM,8081,1,2,5,913.25,62.5
SM,8081,2,1,52,1370.7613636363637,59.09090909090909
SM,8081,2,2,4,1369.375,50.0
SM,8083,1,1,59,1392.215909090909,67.04545454545455
SM,8083,3,1,52,1024.3977272727273,59.09090909090909
SM,8083,nan,1,65,1257.2613636363637,73.86363636363636
SM,8084,1,1,54,1353.0227272727273,61.36363636363637
SM,8084,1,2,5,1259.375,62.5
SM,8084,2,1,69,1357.784090909091,78.4090909090909
SM,8084,3,1,62,1300.215909090909,70.45454545454545
SM,8085,1,1,69,1427.9772727272727,78.4090909090909
SM,8085,2,1,78,1432.5227272727273,88.63636363636364
SM,8087,1,1,74,1319.75,84.0909090909091
SM,8087,2,1,76,1255.6704545454545,86.36363636363636
SM,8087,3,1,76,1210.5454545454545,86.36363636363636
SM,8088,1,1,60,1433.3181818181818,68.18181818181817
SM,8088,2,1,62,1534.5113636363637,70.45454545454545
SM,8088,3,1,76,1428.715909090909,86.36363636363636
SM,8090,1,1,58,1448.7727272727273,65.9090909090909
SM,8092,1,1,58,1542.9545454545455,65.9090909090909
SM,8092,3,1,60,1508.8863636363637,68.18181818181817
SM,8092,nan,1,54,1498.5454545454545,61.36363636363637
SM,8093,1,1,62,1482.1477272727273,70.45454545454545
SM,8094,1,1,50,1463.8636363636363,56.81818181818182
SM,8094,2,1,54,1367.8295454545455,61.36363636363637
SM,8094,2,2,6,1346.375,75.0
SM,8094,3,1,55,1559.090909090909,62.5
SM,8095,1,1,65,1590.4886363636363,73.86363636363636
SM,8096,1,1,73,1344.2386363636363,82.95454545454545
SM,8096,2,1,85,1084.3295454545455,96.5909090909091
SM,8096,3,1,84,1185.0681818181818,95.45454545454545
SM,8098,1,1,69,1590.3977272727273,78.4090909090909
SM,8098,2,1,75,1550.284090909091,85.22727272727273
SM,8099,1,1,67,1285.4431818181818,76.13636363636364
SM,8099,2,1,73,1255.0795454545455,82.95454545454545
SM,8100,1,1,67,1288.3522727272727,76.13636363636364
SM,8100,2,1,65,1239.4886363636363,73.86363636363636
SM,8101,1,1,43,1691.6818181818182,48.86363636363637
SM,8102,1,1,69,1312.6931818181818,78.4090909090909
SM,8102,2,1,57,1279.5568181818182,64.77272727272727
SM,8102,2,2,2,1121.875,25.0
SM,8103,1,1,69,1363.1931818181818,78.4090909090909
SM,8103,2,1,72,1243.7386363636363,81.81818181818183
SM,8104,1,1,62,1522.9772727272727,70.45454545454545
SM,8104,2,1,72,1377.8181818181818,81.81818181818183
SM,8106,1,1,58,1616.034090909091,65.9090909090909
SM,8106,2,1,73,1217.9545454545455,82.95454545454545
SM,8107,1,1,54,1461.2954545454545,61.36363636363637
SM,8107,3,1,46,1183.7727272727273,52.27272727272727
SM,8108,1,1,76,1162.965909090909,86.36363636363636
SM,8108,2,1,82,1006.5113636363636,93.18181818181817
SM,8111,1,1,60,1474.9545454545455,68.18181818181817
SM,8112,1,1,73,1146.7272727272727,82.95454545454545
SM,8113,1,1,72,1326.1136363636363,81.81818181818183
SM,8114,1,1,72,1408.0454545454545,81.81818181818183
SM,8114,2,1,70,1421.3522727272727,79.54545454545455
SM,8115,1,1,52,1476.5795454545455,59.09090909090909
SM,8116,1,1,66,1582.4545454545455,75.0
SM,8116,2,1,74,1480.75,84.0909090909091
SM,8118,1,1,54,1495.875,61.36363636363637
SM,8119,1,1,71,1488.875,80.68181818181817
SM,8120,1,1,47,1588.534090909091,53.40909090909091
SM,8120,2,1,58,1338.9886363636363,65.9090909090909
SM,8121,1,1,67,1434.4204545454545,76.13636363636364
SM,8121,2,1,76,1181.409090909091,86.36363636363636
SM,8124,1,1,76,1284.159090909091,86.36363636363636
SM,8125,1,1,79,1316.3295454545455,89.77272727272727
SM,8126,1,1,73,1494.5568181818182,82.95454545454545
SM,8127,1,1,61,1450.715909090909,69.31818181818183
SM,8128,1,1,66,1375.5681818181818,75.0
SM,8128,1,2,4,1397.875,50.0
SM,8130,1,1,66,1360.1363636363637,75.0
SM,8131,1,1,64,1497.4772727272727,72.72727272727273
SM,8132,1,1,68,1446.1477272727273,77.27272727272727
SM,8136,1,1,76,1353.7386363636363,86.36363636363636
SM,8138,1,1,67,1311.3863636363637,76.13636363636364
SM,8139,1,1,67,1396.9318181818182,76.13636363636364
SM,8140,1,1,65,1440.625,73.86363636363636
SM,8145,1,1,54,1533.7386363636363,61.36363636363637
SM,8146,1,1,50,1337.7613636363637,56.81818181818182
SM,8149,1,1,78,1415.75,88.63636363636364
SM,83664,nan,1,59,1061.1704545454545,67.04545454545455
SM,9002,1,1,62,1575.0113636363637,70.45454545454545
SM,9002,1,2,4,1498.625,50.0
SM,9002,1,3,3,1524.25,37.5
SM,9002,1,4,4,1168.125,50.0
SM,9002,3,1,57,1596.2727272727273,64.77272727272727
SM,9003,1,1,64,1512.1818181818182,72.72727272727273
SM,9003,3,1,77,1309.1363636363637,87.5
SM,9004,1,1,65,1473.5227272727273,73.86363636363636
SM,9005,1,1,46,1439.8181818181818,52.27272727272727
SM,9005,2,1,52,1299.3636363636363,59.09090909090909
SM,9005,3,1,70,1290.9318181818182,79.54545454545455
SM,9007,1,1,54,1538.1363636363637,61.36363636363637
SM,9009,1,1,68,1539.659090909091,77.27272727272727
SM,9009,2,1,70,1387.375,79.54545454545455
SM,9009,3,1,78,1310.909090909091,88.63636363636364
SM,9010,1,1,54,1470.3181818181818,61.36363636363637
SM,9010,1,2,7,1520.125,87.5
SM,9010,2,1,68,1349.534090909091,77.27272727272727
SM,9010,3,1,73,1327.375,82.95454545454545
SM,9011,1,1,36,1524.340909090909,40.909090909090914
SM,9013,1,1,70,1334.1477272727273,79.54545454545455
SM,9013,2,1,81,1154.8636363636363,92.04545454545455
SM,9013,3,1,79,1122.3181818181818,89.77272727272727
SM,9014,1,1,70,1353.1931818181818,79.54545454545455
SM,9015,1,1,60,1338.0227272727273,68.18181818181817
SM,9015,1,2,7,1020.625,87.5
SM,9015,2,1,61,1345.3522727272727,69.31818181818183
SM,9015,3,1,54,1362.3863636363637,61.36363636363637
SM,9017,1,1,57,1204.0568181818182,64.77272727272727
SM,9017,1,2,6,1241.625,75.0
SM,9017,2,1,64,1179.3636363636363,72.72727272727273
SM,9017,3,1,63,1254.4431818181818,71.5909090909091
SM,9018,1,1,63,1351.2386363636363,71.5909090909091
SM,9019,1,1,69,1339.2386363636363,78.4090909090909
SM,9019,2,1,74,1251.5454545454545,84.0909090909091
SM,9019,3,1,76,1262.9204545454545,86.36363636363636
SM,9020,1,1,54,1537.1818181818182,61.36363636363637
SM,9020,1,2,4,1427.75,50.0
SM,9021,1,1,53,1606.034090909091,60.22727272727273
SM,9021,2,1,54,1605.3181818181818,61.36363636363637
SM,9021,2,2,6,1609.625,75.0
SM,9021,3,1,62,1437.9431818181818,70.45454545454545
SM,9023,1,1,70,1431.6477272727273,79.54545454545455
SM,9023,2,1,68,1362.8295454545455,77.27272727272727
SM,9023,2,2,8,1406.25,100.0
SM,9023,3,1,76,1224.1931818181818,86.36363636363636
SM,9024,1,1,45,1473.6818181818182,51.13636363636363
SM,9024,1,2,4,1145.875,50.0
SM,9024,2,1,49,1489.7272727272727,55.68181818181818
SM,9024,2,2,6,1268.25,75.0
SM,9024,3,1,35,1436.9431818181818,39.77272727272727
SM,9024,3,2,2,1599.25,25.0
SM,9028,1,1,68,1514.0454545454545,77.27272727272727
SM,9028,2,1,74,1449.784090909091,84.0909090909091
SM,9028,3,1,77,1385.340909090909,87.5
SM,9029,1,1,64,1425.1022727272727,72.72727272727273
SM,9029,2,1,72,1363.1022727272727,81.81818181818183
SM,9029,3,1,79,1320.1704545454545,89.77272727272727
SM,9030,1,1,57,1494.4204545454545,64.77272727272727
SM,9030,1,2,5,1531.25,62.5
SM,9031,1,1,55,1594.590909090909,62.5
SM,9031,2,1,72,1451.625,81.81818181818183
SM,9031,3,1,68,1382.0454545454545,77.27272727272727
SM,9033,1,1,38,1566.3863636363637,43.18181818181818
SM,9033,1,2,3,1312.25,37.5
SM,9033,1,3,5,1335.5,62.5
SM,9033,2,1,50,1384.534090909091,56.81818181818182
SM,9033,2,2,3,1078.0,37.5
SM,9033,2,3,5,1248.25,62.5
SM,9033,3,1,71,1525.534090909091,80.68181818181817
SM,9034,1,1,70,1366.8636363636363,79.54545454545455
SM,9034,2,1,56,1516.3977272727273,63.63636363636363
SM,9034,3,1,63,1402.1704545454545,71.5909090909091
SM,9035,1,1,71,1454.4545454545455,80.68181818181817
SM,9035,2,1,74,1373.0,84.0909090909091
SM,9035,3,1,79,1304.6931818181818,89.77272727272727
SM,9038,1,1,51,1399.7386363636363,57.95454545454546
SM,9038,3,1,61,1538.6477272727273,69.31818181818183
SM,9045,1,1,46,1381.534090909091,52.27272727272727
SM,9045,1,2,3,1461.5,37.5
SM,9045,2,1,50,1328.5795454545455,56.81818181818182
SM,9045,3,1,54,1339.090909090909,61.36363636363637
SM,9047,1,1,56,1576.8636363636363,63.63636363636363
SM,9047,1,2,3,1398.0,37.5
SM,9047,2,1,66,1453.965909090909,75.0
SM,9048,1,1,45,1425.7045454545455,51.13636363636363
SM,9048,1,2,5,798.75,62.5
SM,9049,1,1,77,1354.6363636363637,87.5
SM,9050,1,1,42,1330.534090909091,47.72727272727273
SM,9050,1,2,3,1461.375,37.5
SM,9051,1,1,55,1624.3068181818182,62.5
SM,9051,2,1,62,1653.2045454545455,70.45454545454545
SM,9054,1,1,63,1497.3522727272727,71.5909090909091
SM,9054,1,2,7,1627.0,87.5
SM,9054,2,1,69,1463.840909090909,78.4090909090909
SM,9054,3,1,58,1436.7954545454545,65.9090909090909
SM,9056,1,1,60,1486.590909090909,68.18181818181817
SM,9057,1,1,71,1297.2954545454545,80.68181818181817
SM,9057,2,1,56,1526.3068181818182,63.63636363636363
SM,9057,2,2,5,1280.5,62.5
SM,9059,1,1,61,1353.0795454545455,69.31818181818183
SM,9059,2,1,62,1326.7613636363637,70.45454545454545
SM,9060,1,1,64,1390.215909090909,72.72727272727273
SM,9062,1,1,68,1248.3522727272727,77.27272727272727
SM,9062,1,2,7,1381.0,87.5
SM,9062,2,1,72,1236.5568181818182,81.81818181818183
SM,9064,1,1,51,1648.75,57.95454545454546
SM,9067,1,1,71,1359.7954545454545,80.68181818181817
SM,9067,2,1,69,1274.8977272727273,78.4090909090909
SM,9067,2,2,8,1231.5,100.0
SM,9068,1,1,69,1358.9545454545455,78.4090909090909
SM,9068,2,1,80,1370.7727272727273,90.9090909090909
SM,9070,1,1,44,1524.0113636363637,50.0
SM,9070,2,1,63,1375.0113636363637,71.5909090909091
SM,9071,1,1,51,1610.3636363636363,57.95454545454546
SM,9073,1,1,66,1292.465909090909,75.0
SM,9073,2,1,64,1248.465909090909,72.72727272727273
SM,9074,1,1,72,1485.1022727272727,81.81818181818183
SM,9074,2,1,70,1401.1136363636363,79.54545454545455
SM,9076,1,1,62,1524.2727272727273,70.45454545454545
SM,9076,1,2,7,1540.5,87.5
SM,9076,2,1,73,1382.7613636363637,82.95454545454545
SM,9077,1,1,79,1328.340909090909,89.77272727272727
SM,9078,1,1,67,1412.215909090909,76.13636363636364
SM,9080,1,1,52,1428.5454545454545,59.09090909090909
SM,9081,1,1,59,1624.7954545454545,67.04545454545455
SM,9081,1,2,6,1743.125,75.0
SM,9081,2,1,68,1504.1818181818182,77.27272727272727
SM,9082,1,1,54,1581.1931818181818,61.36363636363637
SM,9083,1,1,69,1441.2272727272727,78.4090909090909
SM,9084,1,1,48,1415.7613636363637,54.54545454545454
SM,9086,1,1,64,1523.784090909091,72.72727272727273
SM,9087,1,1,63,1426.7272727272727,71.5909090909091
SM,9088,1,1,72,1426.0681818181818,81.81818181818183
SM,9090,1,1,69,1522.1704545454545,78.4090909090909
SM,9092,1,1,47,1600.9318181818182,53.40909090909091
SM,9093,1,1,77,1347.4772727272727,87.5
SM,9094,1,1,72,1470.284090909091,81.81818181818183
SM,9999,1,1,61,935.1704545454545,69.31818181818183
SM,9999,nan,1,57,899.5454545454545,64.77272727272727
SM,SM,,1,47,1302.9545454545455,53.40909090909091
