task,subject_id,session,condition,count_correct
DSST,1474,1,0,1
DSST,1474,1,1,44
DSST,333333,nan,0,1
DSST,333333,nan,1,63
DSST,4,nan,0,1
DSST,4,nan,1,59
DSST,7000,1,0,1
DSST,7000,1,1,41
DSST,7001,1,0,1
DSST,7001,1,1,57
DSST,7002,1,0,1
DSST,7002,1,1,50
DSST,7003,1,0,1
DSST,7003,1,1,56
DSST,7004,1,0,1
DSST,7004,1,1,52
DSST,7005,1,0,1
DSST,7005,1,1,57
DSST,7006,1,0,1
DSST,7006,1,1,54
DSST,7007,1,0,1
DSST,7007,1,1,56
DSST,7008,1,0,1
DSST,7008,1,1,46
DSST,7009,1,0,1
DSST,7009,1,1,50
DSST,7010,1,0,1
DSST,7010,1,1,60
DSST,7012,1,0,1
DSST,7012,1,1,56
DSST,7013,1,0,1
DSST,7013,1,1,59
DSST,7014,1,0,1
DSST,7014,1,1,47
DSST,7015,1,0,1
DSST,7015,1,1,51
DSST,7016,1,0,1
DSST,7016,1,1,47
DSST,7017,1,0,1
DSST,7017,1,1,54
DSST,7018,1,0,1
DSST,7018,1,1,58
DSST,7019,1,0,1
DSST,7019,1,1,56
DSST,7020,1,0,1
DSST,7020,1,1,54
DSST,7021,1,0,1
DSST,7021,1,1,53
DSST,7022,1,0,1
DSST,7022,1,1,49
DSST,7023,1,0,1
DSST,7023,1,1,54
DSST,7024,1,0,1
DSST,7024,1,1,57
DSST,7025,1,0,1
DSST,7025,1,1,60
DSST,7026,1,0,1
DSST,7026,1,1,67
DSST,7027,1,0,1
DSST,7027,1,1,49
DSST,7028,1,0,1
DSST,7028,1,1,51
DSST,7029,1,0,1
DSST,7029,1,1,52
DSST,7030,1,0,1
DSST,7030,1,1,53
DSST,7031,1,0,1
DSST,7031,1,0,1
DSST,7031,1,1,56
DSST,7031,1,1,56
DSST,7032,1,0,1
DSST,7032,1,1,49
DSST,7033,1,0,1
DSST,7033,1,1,55
DSST,7034,1,0,1
DSST,7034,1,1,63
DSST,7035,1,0,1
DSST,7035,1,1,52
DSST,7037,1,0,1
DSST,7037,1,1,32
DSST,7039,1,0,1
DSST,7039,1,1,46
DSST,7040,1,0,1
DSST,7040,1,1,66
DSST,7041,1,0,1
DSST,7041,1,1,45
DSST,7042,1,0,1
DSST,7042,1,1,54
DSST,7043,1,0,1
DSST,7043,1,1,53
DSST,7044,1,0,1
DSST,7044,1,1,52
DSST,7045,1,0,1
DSST,7045,1,1,44
DSST,7046,1,0,1
DSST,7046,1,1,57
DSST,7047,1,0,1
DSST,7047,1,1,53
DSST,7048,1,0,1
DSST,7048,1,1,52
DSST,7049,1,0,1
DSST,7049,1,1,55
DSST,7050,1,0,1
DSST,7050,1,1,56
DSST,7052,1,0,1
DSST,7052,1,1,48
DSST,7053,1,0,1
DSST,7053,1,1,63
DSST,7054,1,0,1
DSST,7054,1,1,59
DSST,7055,1,0,1
DSST,7055,1,1,45
DSST,7056,1,0,1
DSST,7056,1,1,54
DSST,7057,1,0,1
DSST,7057,1,1,43
DSST,7058,1,0,1
DSST,7058,1,1,53
DSST,7059,1,0,1
DSST,7059,1,1,63
DSST,7061,1,0,1
DSST,7061,1,1,63
DSST,7062,1,0,1
DSST,7062,1,1,48
DSST,7063,1,0,1
DSST,7063,1,1,52
DSST,7064,1,0,1
DSST,7064,1,1,34
DSST,7065,1,0,1
DSST,7065,1,1,53
DSST,7067,1,0,1
DSST,7067,1,1,44
DSST,7068,1,0,1
DSST,7068,1,1,45
DSST,7069,1,0,1
DSST,7069,1,1,53
DSST,7070,1,0,1
DSST,7070,1,1,46
DSST,7072,1,0,1
DSST,7072,1,1,63
DSST,7073,1,0,1
DSST,7073,1,1,48
DSST,7075,1,0,1
DSST,7075,1,1,52
DSST,7076,1,0,1
DSST,7076,1,1,61
DSST,7077,1,0,1
DSST,7077,1,1,52
DSST,7078,1,0,1
DSST,7078,1,1,52
DSST,7079,1,0,1
DSST,7079,1,1,49
DSST,7080,1,0,1
DSST,7080,1,1,63
DSST,7082,1,0,1
DSST,7082,1,1,53
DSST,7083,1,0,1
DSST,7083,1,1,65
DSST,7084,1,0,1
DSST,7084,1,1,58
DSST,7085,1,0,1
DSST,7085,1,1,53
DSST,7086,1,0,1
DSST,7086,1,1,50
DSST,7087,1,0,1
DSST,7087,1,1,57
DSST,7088,1,0,1
DSST,7088,1,1,50
DSST,7089,1,0,1
DSST,7089,1,1,60
DSST,7090,1,0,1
DSST,7090,1,1,50
DSST,7091,1,0,1
DSST,7091,1,1,42
DSST,7092,1,0,1
DSST,7092,1,1,50
DSST,7093,1,0,1
DSST,7093,1,1,60
DSST,7094,1,0,1
DSST,7094,1,1,52
DSST,7096,1,0,1
DSST,7096,1,1,46
DSST,7097,1,0,1
DSST,7097,1,1,55
DSST,7098,1,0,1
DSST,7098,1,1,50
DSST,7099,1,0,1
DSST,7099,1,1,68
DSST,7102,1,0,1
DSST,7102,1,1,43
DSST,7103,1,0,1
DSST,7103,1,1,49
DSST,7104,1,0,1
DSST,7104,1,1,46
DSST,7105,1,0,1
DSST,7105,1,1,56
DSST,7106,1,0,1
DSST,7106,1,1,52
DSST,7107,1,0,1
DSST,7107,1,1,56
DSST,7108,1,0,1
DSST,7108,1,1,59
DSST,7109,1,0,1
DSST,7109,1,1,50
DSST,7110,1,0,1
DSST,7110,1,1,58
DSST,7111,1,0,1
DSST,7111,1,1,48
DSST,7112,1,0,1
DSST,7112,1,1,45
DSST,7113,1,0,1
DSST,7113,1,1,49
DSST,7114,1,0,1
DSST,7114,1,1,46
DSST,7115,1,0,1
DSST,7115,1,1,51
DSST,7116,1,0,1
DSST,7116,1,1,53
DSST,7117,1,0,1
DSST,7117,1,1,36
DSST,7118,1,0,1
DSST,7118,1,1,51
DSST,7120,1,0,1
DSST,7120,1,1,50
DSST,7122,1,0,1
DSST,7122,1,1,45
DSST,7123,1,0,1
DSST,7123,1,1,54
DSST,7124,1,0,1
DSST,7124,1,1,45
DSST,7126,1,0,1
DSST,7126,1,1,53
DSST,7128,1,0,1
DSST,7128,1,1,50
DSST,7129,1,0,1
DSST,7129,1,1,49
DSST,7130,1,0,1
DSST,7130,1,1,50
DSST,7131,1,0,1
DSST,7131,1,1,50
DSST,7132,1,0,1
DSST,7132,1,1,60
DSST,7133,1,0,1
DSST,7133,1,1,48
DSST,7134,1,0,1
DSST,7134,1,1,58
DSST,7136,1,0,1
DSST,7136,1,1,48
DSST,7137,1,0,1
DSST,7137,1,1,52
DSST,7138,1,0,1
DSST,7138,1,1,47
DSST,7139,1,0,1
DSST,7139,1,1,54
DSST,7140,1,0,1
DSST,7140,1,1,55
DSST,7141,1,0,1
DSST,7141,1,1,43
DSST,7142,1,0,1
DSST,7142,1,1,57
DSST,7143,1,0,1
DSST,7143,1,1,58
DSST,7145,1,0,1
DSST,7145,1,1,65
DSST,7146,1,0,1
DSST,7146,1,1,57
DSST,7147,1,0,1
DSST,7147,1,1,56
DSST,7150,1,0,1
DSST,7150,1,1,43
DSST,7151,1,0,1
DSST,7151,1,1,53
DSST,7152,1,0,1
DSST,7152,1,1,61
DSST,7153,1,0,1
DSST,7153,1,1,46
DSST,7155,1,0,1
DSST,7155,1,1,41
DSST,7156,1,0,1
DSST,7156,1,1,55
DSST,7157,1,0,1
DSST,7157,1,1,53
DSST,7158,1,0,1
DSST,7158,1,1,66
DSST,7159,1,0,1
DSST,7159,1,1,58
DSST,7160,1,0,1
DSST,7160,1,1,47
DSST,7161,1,0,1
DSST,7161,1,1,46
DSST,7164,1,0,1
DSST,7164,1,1,50
DSST,7165,1,0,1
DSST,7165,1,1,48
DSST,7166,1,0,1
DSST,7166,1,1,50
DSST,7167,1,0,1
DSST,7167,1,1,53
DSST,7168,1,0,1
DSST,7168,1,1,43
DSST,7170,1,0,1
DSST,7170,1,1,46
DSST,7171,1,0,1
DSST,7171,1,1,67
DSST,7172,1,0,1
DSST,7172,1,1,48
DSST,7173,1,0,1
DSST,7173,1,1,46
DSST,7174,1,0,1
DSST,7174,1,1,44
DSST,7175,1,0,1
DSST,7175,1,1,54
DSST,7176,1,0,1
DSST,7176,1,1,45
DSST,7177,1,0,1
DSST,7177,1,1,40
DSST,7178,1,0,1
DSST,7178,1,1,52
DSST,7180,1,0,1
DSST,7180,1,1,58
DSST,7181,1,0,1
DSST,7181,1,1,54
DSST,7182,1,0,1
DSST,7182,1,1,53
DSST,7183,1,0,1
DSST,7183,1,1,54
DSST,7186,1,0,1
DSST,7186,1,1,52
DSST,7187,1,0,1
DSST,7187,1,1,56
DSST,7188,1,0,1
DSST,7188,1,1,44
DSST,7189,1,0,1
DSST,7189,1,1,55
DSST,7190,1,0,1
DSST,7190,1,1,57
DSST,7191,1,0,1
DSST,7191,1,1,57
DSST,7192,1,0,1
DSST,7192,1,1,67
DSST,7194,1,0,1
DSST,7194,1,1,55
DSST,7195,1,0,1
DSST,7195,1,1,58
DSST,7196,1,0,1
DSST,7196,1,1,40
DSST,7197,1,0,1
DSST,7197,1,1,58
DSST,7199,1,0,1
DSST,7199,1,1,42
DSST,7200,1,0,1
DSST,7200,1,1,53
DSST,7201,1,0,1
DSST,7201,1,1,45
DSST,7202,1,0,1
DSST,7202,1,1,55
DSST,7203,1,0,1
DSST,7203,1,1,55
DSST,7204,1,0,1
DSST,7204,1,1,57
DSST,7205,1,0,1
DSST,7205,1,1,43
DSST,7206,1,0,1
DSST,7206,1,1,54
DSST,7207,1,0,1
DSST,7207,1,1,57
DSST,7208,1,0,1
DSST,7208,1,1,46
DSST,7209,1,0,1
DSST,7209,1,1,56
DSST,7211,1,0,1
DSST,7211,1,1,49
DSST,7212,1,0,1
DSST,7212,1,1,51
DSST,7213,1,0,1
DSST,7213,1,1,54
DSST,7214,1,0,1
DSST,7214,1,1,55
DSST,7215,1,0,1
DSST,7215,1,1,50
DSST,7216,1,0,1
DSST,7216,1,1,43
DSST,7218,1,0,1
DSST,7218,1,1,34
DSST,7219,1,0,1
DSST,7219,1,1,50
DSST,7220,1,0,1
DSST,7220,1,1,37
DSST,7221,1,0,1
DSST,7221,1,1,46
DSST,7222,1,0,1
DSST,7222,1,1,46
DSST,7223,1,0,1
DSST,7223,1,1,44
DSST,7225,1,0,1
DSST,7225,1,1,51
DSST,7226,1,0,1
DSST,7226,1,1,65
DSST,7227,1,0,1
DSST,7227,1,1,70
DSST,7229,1,0,1
DSST,7229,1,1,65
DSST,7230,1,0,1
DSST,7230,1,1,46
DSST,7231,1,0,1
DSST,7231,1,1,51
DSST,7232,1,0,1
DSST,7232,1,1,55
DSST,7233,1,0,1
DSST,7233,1,1,49
DSST,7234,1,0,1
DSST,7234,1,1,57
DSST,7235,1,0,1
DSST,7235,1,1,55
DSST,7238,1,0,1
DSST,7238,1,1,51
DSST,7239,1,0,1
DSST,7239,1,1,53
DSST,7240,nan,0,1
DSST,7240,nan,1,57
DSST,7241,1,0,1
DSST,7241,1,1,44
DSST,7242,1,0,1
DSST,7242,1,1,52
DSST,7243,1,0,1
DSST,7243,1,1,52
DSST,7246,nan,0,1
DSST,7246,nan,1,56
DSST,7248,1,0,1
DSST,7248,1,1,53
DSST,7249,1,0,1
DSST,7249,1,1,57
DSST,7250,1,0,1
DSST,7250,1,1,56
DSST,7251,1,0,1
DSST,7251,1,1,56
DSST,7252,1,0,1
DSST,7252,1,1,61
DSST,7254,1,0,1
DSST,7254,1,1,75
DSST,7255,1,0,1
DSST,7255,1,1,46
DSST,7700,1,0,1
DSST,7700,1,1,48
DSST,7701,1,0,1
DSST,7701,1,1,46
DSST,7702,1,0,1
DSST,7702,1,1,37
DSST,7703,1,0,1
DSST,7703,1,1,42
DSST,7704,nan,0,1
DSST,7704,nan,1,42
DSST,7705,1,0,1
DSST,7705,1,1,52
DSST,7706,1,0,1
DSST,7706,1,1,42
DSST,7707,1,0,1
DSST,7707,1,1,44
DSST,7708,1,0,1
DSST,7708,1,1,42
DSST,7709,1,0,1
DSST,7709,1,1,41
DSST,7710,1,0,1
DSST,7710,1,1,33
DSST,7712,1,0,1
DSST,7712,1,1,42
DSST,7713,nan,0,1
DSST,7713,nan,1,41
DSST,7714,1,0,1
DSST,7714,1,1,42
DSST,7715,1,0,1
DSST,7715,1,1,44
DSST,7716,1,0,1
DSST,7716,1,1,46
DSST,7717,nan,0,1
DSST,7717,nan,1,48
DSST,7718,1,0,1
DSST,7718,1,1,51
DSST,7721,nan,0,1
DSST,7721,nan,1,41
DSST,7722,1,0,1
DSST,7722,1,1,38
DSST,7723,nan,0,1
DSST,7723,nan,1,39
DSST,7724,1,0,1
DSST,7724,1,1,45
DSST,7725,1,0,1
DSST,7725,1,1,47
DSST,7726,1,0,1
DSST,7726,1,1,42
DSST,7727,1,0,1
DSST,7727,1,1,43
DSST,7728,1,0,1
DSST,7728,1,1,42
DSST,7729,1,0,1
DSST,7729,1,1,40
DSST,7729,1,2,9
DSST,7730,1,0,1
DSST,7730,1,1,48
DSST,7732,1,0,1
DSST,7732,1,1,44
DSST,7733,1,0,1
DSST,7733,1,1,38
DSST,7734,1,0,1
DSST,7734,1,1,43
DSST,7735,1,0,1
DSST,7735,1,1,39
DSST,7736,1,0,1
DSST,7736,1,1,45
DSST,7738,1,0,1
DSST,7738,1,1,41
DSST,7739,1,0,1
DSST,7739,1,1,37
DSST,7740,1,0,1
DSST,7740,1,1,48
DSST,7742,1,0,1
DSST,7742,1,1,37
DSST,7743,1,0,1
DSST,7743,1,1,36
DSST,7744,1,0,1
DSST,7744,1,1,51
DSST,7745,1,0,1
DSST,7745,1,1,35
DSST,7746,1,0,1
DSST,7746,1,1,47
DSST,7747,1,0,1
DSST,7747,1,1,45
DSST,7748,1,0,1
DSST,7748,1,1,55
DSST,7749,1,0,1
DSST,7749,1,1,49
DSST,7750,1,0,1
DSST,7750,1,1,55
DSST,7751,1,0,1
DSST,7751,1,1,42
DSST,7752,1,0,1
DSST,7752,1,1,48
DSST,7753,1,0,1
DSST,7753,1,1,55
DSST,7754,1,0,1
DSST,7754,1,1,48
DSST,7755,nan,0,1
DSST,7755,nan,1,45
DSST,7756,1,0,1
DSST,7756,1,1,46
DSST,7757,1,0,1
DSST,7757,1,1,44
DSST,7758,1,0,1
DSST,7758,1,1,42
DSST,7759,1,0,1
DSST,7759,1,1,56
DSST,7760,nan,0,1
DSST,7760,nan,1,40
DSST,7761,1,0,1
DSST,7761,1,1,34
DSST,7762,1,0,1
DSST,7762,1,1,30
DSST,7763,1,0,1
DSST,7763,1,1,51
DSST,7764,1,0,1
DSST,7764,1,1,47
DSST,7765,1,0,1
DSST,7765,1,1,49
DSST,7766,nan,0,1
DSST,7766,nan,1,49
DSST,7767,1,0,1
DSST,7767,1,1,47
DSST,7768,1,0,1
DSST,7768,1,1,43
DSST,7769,1,0,1
DSST,7769,1,1,52
DSST,7770,1,0,1
DSST,7770,1,1,53
DSST,7771,nan,0,1
DSST,7771,nan,1,36
DSST,7772,1,0,1
DSST,7772,1,1,52
DSST,7773,1,0,1
DSST,7773,1,1,44
DSST,7774,1,0,1
DSST,7774,1,1,41
DSST,7775,1,0,1
DSST,7775,1,1,45
DSST,7776,1,0,1
DSST,7776,1,1,50
DSST,7777,1,0,1
DSST,7777,1,1,54
DSST,7778,1,0,1
DSST,7778,1,1,42
DSST,7779,1,0,1
DSST,7779,1,1,48
DSST,7780,1,0,1
DSST,7780,1,1,49
DSST,7781,1,0,1
DSST,7781,1,1,46
DSST,7782,1,0,1
DSST,7782,1,1,45
DSST,7783,1,0,1
DSST,7783,1,1,55
DSST,7784,1,0,1
DSST,7784,1,1,44
DSST,7786,1,0,1
DSST,7786,1,1,42
DSST,7787,1,0,1
DSST,7787,1,1,46
DSST,7788,1,0,1
DSST,7788,1,1,48
DSST,7789,1,0,1
DSST,7789,1,1,42
DSST,7790,1,0,1
DSST,7790,1,1,39
DSST,7791,1,0,1
DSST,7791,1,1,46
DSST,7792,1,0,1
DSST,7792,1,1,48
DSST,7793,1,0,1
DSST,7793,1,1,48
DSST,7794,1,0,1
DSST,7794,1,1,32
DSST,7795,1,0,1
DSST,7795,1,1,39
DSST,7797,1,0,1
DSST,7797,1,1,46
DSST,7798,1,0,1
DSST,7798,1,1,38
DSST,7799,1,0,1
DSST,7799,1,1,43
DSST,7800,1,0,1
DSST,7800,1,1,44
DSST,7801,1,0,1
DSST,7801,1,1,46
DSST,7802,1,0,1
DSST,7802,1,1,51
DSST,7803,1,0,1
DSST,7803,1,1,35
DSST,7805,1,0,1
DSST,7805,1,1,49
DSST,7806,1,0,1
DSST,7806,1,1,47
DSST,7807,1,0,1
DSST,7807,1,1,47
DSST,7808,1,0,1
DSST,7808,1,1,42
DSST,7810,1,0,1
DSST,7810,1,1,44
DSST,8000,1,0,1
DSST,8000,1,1,47
DSST,8000,2,0,1
DSST,8000,2,1,45
DSST,8000,3,0,1
DSST,8000,3,1,45
DSST,8001,1,0,1
DSST,8001,1,1,50
DSST,8002,1,0,1
DSST,8002,1,1,57
DSST,8002,2,0,1
DSST,8002,2,1,58
DSST,8002,3,0,1
DSST,8002,3,1,54
DSST,8003,1,0,1
DSST,8003,1,1,52
DSST,8003,2,0,1
DSST,8003,2,1,52
DSST,8003,3,0,1
DSST,8003,3,1,49
DSST,8004,1,0,1
DSST,8004,1,1,50
DSST,8004,2,0,1
DSST,8004,2,1,50
DSST,8004,3,0,1
DSST,8004,3,1,50
DSST,8005,1,0,1
DSST,8005,1,1,66
DSST,8005,2,0,1
DSST,8005,2,1,63
DSST,8005,3,0,1
DSST,8005,3,1,69
DSST,8006,1,0,1
DSST,8006,1,0,1
DSST,8006,1,1,59
DSST,8006,1,1,59
DSST,8006,2,0,1
DSST,8006,2,0,1
DSST,8006,2,1,60
DSST,8006,2,1,60
DSST,8008,1,0,1
DSST,8008,1,1,45
DSST,8008,2,0,1
DSST,8008,2,1,46
DSST,8008,3,0,1
DSST,8008,3,1,50
DSST,8009,1,0,1
DSST,8009,1,1,58
DSST,8009,2,0,1
DSST,8009,2,1,56
DSST,8011,1,0,1
DSST,8011,1,1,61
DSST,8011,2,0,1
DSST,8011,2,1,63
DSST,8011,3,0,1
DSST,8011,3,1,69
DSST,8012,1,0,1
DSST,8012,1,0,1
DSST,8012,1,1,64
DSST,8012,1,1,64
DSST,8012,2,0,1
DSST,8012,2,1,63
DSST,8012,3,0,1
DSST,8012,3,1,64
DSST,8014,1,0,1
DSST,8014,1,1,53
DSST,8014,2,0,1
DSST,8014,2,1,54
DSST,8014,3,0,1
DSST,8014,3,1,57
DSST,8015,1,0,1
DSST,8015,1,1,53
DSST,8016,1,0,1
DSST,8016,1,1,48
DSST,8016,2,0,1
DSST,8016,2,1,52
DSST,8016,3,0,1
DSST,8016,3,1,51
DSST,8017,1,0,1
DSST,8017,1,1,58
DSST,8017,2,0,1
DSST,8017,2,1,58
DSST,8017,3,0,1
DSST,8017,3,1,60
DSST,8018,1,0,1
DSST,8018,1,1,42
DSST,8018,2,0,1
DSST,8018,2,1,42
DSST,8018,3,0,1
DSST,8018,3,1,42
DSST,8019,1,0,1
DSST,8019,1,1,54
DSST,8019,2,0,1
DSST,8019,2,1,55
DSST,8019,3,0,1
DSST,8019,3,1,56
DSST,8020,1,0,1
DSST,8020,1,1,48
DSST,8020,2,0,1
DSST,8020,2,1,45
DSST,8020,3,0,1
DSST,8020,3,1,46
DSST,8021,1,0,1
DSST,8021,1,1,50
DSST,8021,2,0,1
DSST,8021,2,1,46
DSST,8022,1,0,1
DSST,8022,1,1,51
DSST,8022,2,0,1
DSST,8022,2,1,53
DSST,8022,3,0,1
DSST,8022,3,1,55
DSST,8023,1,0,1
DSST,8023,1,1,51
DSST,8023,2,0,1
DSST,8023,2,1,53
DSST,8023,nan,0,1
DSST,8023,nan,1,53
DSST,8024,1,0,1
DSST,8024,1,1,46
DSST,8024,2,0,1
DSST,8024,2,1,51
DSST,8026,1,0,1
DSST,8026,1,1,53
DSST,8026,2,0,1
DSST,8026,2,1,58
DSST,8026,3,0,1
DSST,8026,3,1,61
DSST,8027,1,0,1
DSST,8027,1,1,45
DSST,8027,2,0,1
DSST,8027,2,1,48
DSST,8030,1,0,1
DSST,8030,1,1,45
DSST,8030,2,0,1
DSST,8030,2,1,47
DSST,8030,3,0,1
DSST,8030,3,1,48
DSST,8031,1,0,1
DSST,8031,1,1,51
DSST,8031,2,0,1
DSST,8031,2,1,53
DSST,8031,3,0,1
DSST,8031,3,1,52
DSST,8032,1,0,1
DSST,8032,1,1,53
DSST,8032,2,0,1
DSST,8032,2,1,56
DSST,8032,3,0,1
DSST,8032,3,1,56
DSST,8034,1,0,1
DSST,8034,1,1,53
DSST,8035,1,0,1
DSST,8035,1,1,50
DSST,8035,2,0,1
DSST,8035,2,1,51
DSST,8035,3,0,1
DSST,8035,3,1,53
DSST,8036,2,0,1
DSST,8036,2,1,38
DSST,8036,3,0,1
DSST,8036,3,1,37
DSST,8037,1,0,1
DSST,8037,1,1,49
DSST,8037,2,0,1
DSST,8037,2,1,50
DSST,8037,3,0,1
DSST,8037,3,1,54
DSST,8038,1,0,1
DSST,8038,1,1,49
DSST,8038,2,0,1
DSST,8038,2,1,50
DSST,8038,3,0,1
DSST,8038,3,1,54
DSST,8039,1,0,1
DSST,8039,1,1,58
DSST,8039,2,0,1
DSST,8039,2,1,59
DSST,8039,3,0,1
DSST,8039,3,1,64
DSST,8040,1,0,1
DSST,8040,1,1,51
DSST,8040,2,0,1
DSST,8040,2,1,56
DSST,8040,3,0,1
DSST,8040,3,1,53
DSST,8042,1,0,1
DSST,8042,1,1,55
DSST,8046,1,0,1
DSST,8046,1,1,56
DSST,8046,2,0,1
DSST,8046,2,1,57
DSST,8046,3,0,1
DSST,8046,3,1,60
DSST,8047,1,0,1
DSST,8047,1,1,56
DSST,8047,2,0,1
DSST,8047,2,1,58
DSST,8047,3,0,1
DSST,8047,3,1,55
DSST,8048,1,0,1
DSST,8048,1,1,57
DSST,8048,2,0,1
DSST,8048,2,1,57
DSST,8048,3,0,1
DSST,8048,3,1,59
DSST,8050,1,0,1
DSST,8050,1,1,58
DSST,8050,2,0,1
DSST,8050,2,1,55
DSST,8051,1,0,1
DSST,8051,1,1,53
DSST,8051,2,0,1
DSST,8051,2,1,55
DSST,8051,3,0,1
DSST,8051,3,1,54
DSST,8052,1,0,1
DSST,8052,1,1,56
DSST,8052,2,0,1
DSST,8052,2,1,52
DSST,8052,3,0,1
DSST,8052,3,1,56
DSST,8053,1,0,1
DSST,8053,1,1,48
DSST,8053,2,0,1
DSST,8053,2,1,54
DSST,8053,nan,0,1
DSST,8053,nan,1,59
DSST,8054,1,0,1
DSST,8054,1,1,46
DSST,8054,2,0,1
DSST,8054,2,1,51
DSST,8056,1,0,1
DSST,8056,1,1,50
DSST,8056,2,0,1
DSST,8056,2,1,49
DSST,8056,3,0,1
DSST,8056,3,1,51
DSST,8058,1,0,1
DSST,8058,1,1,68
DSST,8058,2,0,1
DSST,8058,2,1,67
DSST,8060,1,0,1
DSST,8060,1,1,63
DSST,8060,2,0,1
DSST,8060,2,1,66
DSST,8060,3,0,1
DSST,8060,3,1,70
DSST,8061,1,0,1
DSST,8061,1,1,54
DSST,8062,1,0,1
DSST,8062,1,1,53
DSST,8062,2,0,1
DSST,8062,2,1,56
DSST,8063,1,0,1
DSST,8063,1,1,57
DSST,8063,2,0,1
DSST,8063,2,1,57
DSST,8063,nan,0,1
DSST,8063,nan,1,55
DSST,8064,1,0,1
DSST,8064,1,1,44
DSST,8064,2,0,1
DSST,8064,2,1,44
DSST,8065,1,0,1
DSST,8065,1,1,58
DSST,8065,2,0,1
DSST,8065,2,1,61
DSST,8065,nan,0,1
DSST,8065,nan,1,63
DSST,8066,2,0,1
DSST,8066,2,1,51
DSST,8066,3,0,1
DSST,8066,3,1,53
DSST,8067,1,0,1
DSST,8067,1,1,47
DSST,8068,1,0,1
DSST,8068,1,1,37
DSST,8068,2,0,1
DSST,8068,2,1,44
DSST,8068,nan,0,1
DSST,8068,nan,1,44
DSST,8069,1,0,1
DSST,8069,1,1,55
DSST,8069,2,0,1
DSST,8069,2,1,58
DSST,8070,1,0,1
DSST,8070,1,1,59
DSST,8070,2,0,1
DSST,8070,2,1,61
DSST,8070,nan,0,1
DSST,8070,nan,1,62
DSST,8072,1,0,1
DSST,8072,1,1,50
DSST,8072,2,0,1
DSST,8072,2,1,50
DSST,8073,2,0,1
DSST,8073,2,1,56
DSST,8073,3,0,1
DSST,8073,3,1,57
DSST,8073,nan,0,1
DSST,8073,nan,1,54
DSST,8074,1,0,1
DSST,8074,1,1,46
DSST,8074,2,0,1
DSST,8074,2,1,55
DSST,8074,nan,0,1
DSST,8074,nan,1,53
DSST,8075,1,0,1
DSST,8075,1,1,55
DSST,8075,3,0,1
DSST,8075,3,1,59
DSST,8075,nan,0,1
DSST,8075,nan,1,61
DSST,8076,1,0,1
DSST,8076,1,1,58
DSST,8076,2,0,1
DSST,8076,2,1,58
DSST,8076,3,0,1
DSST,8076,3,1,60
DSST,8078,1,0,1
DSST,8078,1,1,43
DSST,8078,2,0,1
DSST,8078,2,1,42
DSST,8078,3,0,1
DSST,8078,3,1,40
DSST,8079,1,0,1
DSST,8079,1,1,46
DSST,8079,2,0,1
DSST,8079,2,1,47
DSST,8079,3,0,1
DSST,8079,3,1,48
DSST,8080,1,0,1
DSST,8080,1,1,53
DSST,8080,2,0,1
DSST,8080,2,1,55
DSST,8080,3,0,1
DSST,8080,3,1,54
DSST,8081,1,0,1
DSST,8081,1,1,63
DSST,8081,2,0,1
DSST,8081,2,1,60
DSST,8083,1,0,1
DSST,8083,1,1,51
DSST,8083,3,0,1
DSST,8083,3,1,59
DSST,8083,nan,0,1
DSST,8083,nan,1,52
DSST,8084,1,0,1
DSST,8084,1,1,44
DSST,8084,2,0,1
DSST,8084,2,1,49
DSST,8084,3,0,1
DSST,8084,3,1,45
DSST,8085,1,0,1
DSST,8085,1,1,55
DSST,8085,2,0,1
DSST,8085,2,1,56
DSST,8087,1,0,1
DSST,8087,1,1,61
DSST,8087,2,0,1
DSST,8087,2,1,63
DSST,8087,3,0,1
DSST,8087,3,1,65
DSST,8088,2,0,1
DSST,8088,2,1,47
DSST,8088,3,0,1
DSST,8088,3,1,46
DSST,8090,1,0,1
DSST,8090,1,1,52
DSST,8092,1,0,1
DSST,8092,1,1,44
DSST,8092,3,0,1
DSST,8092,3,1,47
DSST,8093,1,0,1
DSST,8093,1,1,47
DSST,8094,1,0,1
DSST,8094,1,1,46
DSST,8094,2,0,1
DSST,8094,2,1,49
DSST,8094,3,0,1
DSST,8094,3,1,48
DSST,8095,1,0,1
DSST,8095,1,1,44
DSST,8096,1,0,1
DSST,8096,1,1,75
DSST,8096,2,0,1
DSST,8096,2,1,77
DSST,8096,3,0,1
DSST,8096,3,1,75
DSST,8098,1,0,1
DSST,8098,1,1,51
DSST,8098,2,0,1
DSST,8098,2,1,58
DSST,8099,1,0,1
DSST,8099,1,1,57
DSST,8099,2,0,1
DSST,8099,2,1,55
DSST,8100,1,0,1
DSST,8100,1,1,54
DSST,8101,1,0,1
DSST,8101,1,1,46
DSST,8102,1,0,1
DSST,8102,1,1,56
DSST,8102,2,0,1
DSST,8102,2,1,61
DSST,8103,1,0,1
DSST,8103,1,1,48
DSST,8103,2,0,1
DSST,8103,2,1,54
DSST,8104,1,0,1
DSST,8104,1,1,44
DSST,8104,2,0,1
DSST,8104,2,1,47
DSST,8106,2,0,1
DSST,8106,2,1,55
DSST,8107,1,0,1
DSST,8107,1,1,59
DSST,8107,3,0,1
DSST,8107,3,1,55
DSST,8108,1,0,1
DSST,8108,1,1,61
DSST,8108,2,0,1
DSST,8108,2,1,62
DSST,8111,1,0,1
DSST,8111,1,1,46
DSST,8112,1,0,1
DSST,8112,1,1,66
DSST,8113,1,0,1
DSST,8113,1,1,53
DSST,8114,1,0,1
DSST,8114,1,1,60
DSST,8114,2,0,1
DSST,8114,2,1,60
DSST,8115,1,0,1
DSST,8115,1,1,48
DSST,8116,1,0,1
DSST,8116,1,1,52
DSST,8116,2,0,1
DSST,8116,2,1,54
DSST,8118,1,0,1
DSST,8118,1,1,49
DSST,8119,1,0,1
DSST,8119,1,1,55
DSST,8120,1,0,1
DSST,8120,1,1,47
DSST,8120,2,0,1
DSST,8120,2,1,47
DSST,8121,1,0,1
DSST,8121,1,1,58
DSST,8121,2,0,1
DSST,8121,2,1,63
DSST,8123,1,0,1
DSST,8123,1,1,55
DSST,8124,1,0,1
DSST,8124,1,1,59
DSST,8125,1,0,1
DSST,8125,1,1,57
DSST,8126,1,0,1
DSST,8126,1,1,54
DSST,8127,1,0,1
DSST,8127,1,1,55
DSST,8128,1,0,1
DSST,8128,1,1,55
DSST,8130,1,0,1
DSST,8130,1,1,59
DSST,8131,1,0,1
DSST,8131,1,1,50
DSST,8132,1,0,1
DSST,8132,1,1,54
DSST,8136,1,0,1
DSST,8136,1,1,58
DSST,8138,1,0,1
DSST,8138,1,1,60
DSST,8139,1,0,1
DSST,8139,1,1,57
DSST,8140,1,0,1
DSST,8140,1,1,49
DSST,8145,1,0,1
DSST,8145,1,1,48
DSST,8146,1,0,1
DSST,8146,1,1,48
DSST,8149,1,0,1
DSST,8149,1,1,59
DSST,9002,1,0,1
DSST,9002,1,1,50
DSST,9002,3,0,1
DSST,9002,3,1,49
DSST,9003,1,0,1
DSST,9003,1,1,59
DSST,9003,3,0,1
DSST,9003,3,1,61
DSST,9004,1,0,1
DSST,9004,1,1,51
DSST,9005,1,0,1
DSST,9005,1,1,49
DSST,9005,2,0,1
DSST,9005,2,1,48
DSST,9005,3,0,1
DSST,9005,3,1,47
DSST,9007,1,0,1
DSST,9007,1,1,49
DSST,9008,1,0,1
DSST,9008,1,1,43
DSST,9009,1,0,1
DSST,9009,1,1,51
DSST,9009,3,0,1
DSST,9009,3,1,50
DSST,9009,,0,1
DSST,9009,,1,50
DSST,9010,1,0,1
DSST,9010,1,1,53
DSST,9010,2,0,1
DSST,9010,2,1,52
DSST,9010,3,0,1
DSST,9010,3,1,56
DSST,9011,1,0,1
DSST,9011,1,1,57
DSST,9013,1,0,1
DSST,9013,1,1,56
DSST,9013,2,0,1
DSST,9013,2,1,54
DSST,9013,3,0,1
DSST,9013,3,1,57
DSST,9014,1,0,1
DSST,9014,1,1,56
DSST,9015,1,0,1
DSST,9015,1,1,65
DSST,9015,2,0,1
DSST,9015,2,1,69
DSST,9015,3,0,1
DSST,9015,3,1,64
DSST,9017,1,0,1
DSST,9017,1,1,47
DSST,9017,2,0,1
DSST,9017,2,1,49
DSST,9017,3,0,1
DSST,9017,3,1,55
DSST,9018,1,0,1
DSST,9018,1,1,58
DSST,9019,1,0,1
DSST,9019,1,1,51
DSST,9019,2,0,1
DSST,9019,2,1,55
DSST,9019,3,0,1
DSST,9019,3,1,57
DSST,9020,1,0,1
DSST,9020,1,1,51
DSST,9021,1,0,1
DSST,9021,1,1,47
DSST,9021,2,0,1
DSST,9021,2,1,50
DSST,9021,3,0,1
DSST,9021,3,1,48
DSST,9023,1,0,1
DSST,9023,1,1,51
DSST,9023,2,0,1
DSST,9023,2,1,51
DSST,9023,3,0,1
DSST,9023,3,1,54
DSST,9024,1,0,1
DSST,9024,1,1,39
DSST,9024,2,0,1
DSST,9024,2,1,39
DSST,9024,3,0,1
DSST,9024,3,1,36
DSST,9028,1,0,1
DSST,9028,1,1,50
DSST,9028,2,0,1
DSST,9028,2,1,52
DSST,9028,3,0,1
DSST,9028,3,1,49
DSST,9029,1,0,1
DSST,9029,1,1,48
DSST,9029,2,0,1
DSST,9029,2,1,48
DSST,9029,3,0,1
DSST,9029,3,1,51
DSST,9030,1,0,1
DSST,9030,1,1,37
DSST,9031,1,0,1
DSST,9031,1,1,51
DSST,9031,2,0,1
DSST,9031,2,1,52
DSST,9031,3,0,1
DSST,9031,3,1,52
DSST,9033,1,0,1
DSST,9033,1,1,33
DSST,9033,2,0,1
DSST,9033,2,1,36
DSST,9033,3,0,1
DSST,9033,3,1,40
DSST,9034,1,0,1
DSST,9034,1,1,55
DSST,9034,2,0,1
DSST,9034,2,1,49
DSST,9034,3,0,1
DSST,9034,3,1,53
DSST,9035,1,0,1
DSST,9035,1,1,51
DSST,9035,2,0,1
DSST,9035,2,1,48
DSST,9035,3,0,1
DSST,9035,3,1,51
DSST,9038,1,0,1
DSST,9038,1,1,51
DSST,9038,3,0,1
DSST,9038,3,1,50
DSST,9045,2,0,1
DSST,9045,2,1,44
DSST,9045,3,0,1
DSST,9045,3,1,42
DSST,9045,nan,0,1
DSST,9045,nan,1,43
DSST,9047,1,0,1
DSST,9047,1,1,53
DSST,9047,2,0,1
DSST,9047,2,1,56
DSST,9048,1,0,1
DSST,9048,1,1,29
DSST,9049,1,0,1
DSST,9049,1,1,59
DSST,9050,1,0,1
DSST,9050,1,1,49
DSST,9051,1,0,1
DSST,9051,1,1,53
DSST,9051,2,0,1
DSST,9051,2,1,52
DSST,9054,1,0,1
DSST,9054,1,1,51
DSST,9054,2,0,1
DSST,9054,2,1,48
DSST,9054,3,0,1
DSST,9054,3,1,51
DSST,9056,1,0,1
DSST,9056,1,1,52
DSST,9057,1,0,1
DSST,9057,1,1,48
DSST,9057,2,0,1
DSST,9057,2,1,49
DSST,9059,1,0,1
DSST,9059,1,1,47
DSST,9059,2,0,1
DSST,9059,2,1,50
DSST,9060,1,0,1
DSST,9060,1,1,47
DSST,9062,1,0,1
DSST,9062,1,1,57
DSST,9062,2,0,1
DSST,9062,2,1,61
DSST,9064,1,0,1
DSST,9064,1,1,51
DSST,9067,1,0,1
DSST,9067,1,1,49
DSST,9067,2,0,1
DSST,9067,2,1,45
DSST,9068,1,0,1
DSST,9068,1,1,62
DSST,9068,2,0,1
DSST,9068,2,1,58
DSST,9070,1,0,1
DSST,9070,1,1,59
DSST,9070,2,0,1
DSST,9070,2,1,49
DSST,9071,1,0,1
DSST,9071,1,1,51
DSST,9073,1,0,1
DSST,9073,1,1,38
DSST,9073,2,0,1
DSST,9073,2,1,43
DSST,9074,1,0,1
DSST,9074,1,1,54
DSST,9074,2,0,1
DSST,9074,2,1,52
DSST,9076,1,0,1
DSST,9076,1,1,49
DSST,9076,2,0,1
DSST,9076,2,1,51
DSST,9077,1,0,1
DSST,9077,1,1,61
DSST,9078,1,0,1
DSST,9078,1,1,51
DSST,9080,1,0,1
DSST,9080,1,1,49
DSST,9081,1,0,1
DSST,9081,1,1,48
DSST,9081,2,0,1
DSST,9081,2,1,47
DSST,9082,1,0,1
DSST,9082,1,1,46
DSST,9083,1,0,1
DSST,9083,1,1,53
DSST,9084,1,0,1
DSST,9084,1,1,46
DSST,9086,1,0,1
DSST,9086,1,1,50
DSST,9087,1,0,1
DSST,9087,1,1,51
DSST,9088,1,0,1
DSST,9088,1,1,53
DSST,9090,1,0,1
DSST,9090,1,1,48
DSST,9092,1,0,1
DSST,9092,1,1,45
DSST,9093,1,0,1
DSST,9093,1,1,56
DSST,9094,1,0,1
DSST,9094,1,1,54
DSST,9999,1,0,1
DSST,9999,1,1,56
DSST,9999,nan,0,1
DSST,9999,nan,1,57
DSST,DSST,,0,1
DSST,DSST,,1,64
LC,1111,1,1,15
LC,1111,1,2,16
LC,1474,1,1,18
LC,1474,1,2,9
LC,33333,nan,1,17
LC,33333,nan,2,11
LC,4,nan,1,21
LC,4,nan,2,14
LC,7000,1,1,20
LC,7000,1,2,10
LC,7001,1,1,20
LC,7001,1,2,15
LC,7002,1,1,16
LC,7002,1,2,12
LC,7003,1,1,19
LC,7003,1,2,14
LC,7004,1,1,19
LC,7004,1,2,10
LC,7005,1,1,18
LC,7005,1,2,9
LC,7006,1,1,22
LC,7006,1,2,12
LC,7007,1,1,16
LC,7007,1,2,10
LC,7008,1,1,19
LC,7008,1,2,8
LC,7009,1,1,16
LC,7009,1,2,13
LC,7010,1,1,21
LC,7010,1,2,15
LC,7012,1,1,19
LC,7012,1,2,10
LC,7013,1,1,19
LC,7013,1,2,10
LC,7014,1,1,19
LC,7014,1,2,10
LC,7015,1,1,17
LC,7015,1,2,11
LC,7016,1,1,19
LC,7016,1,2,10
LC,7017,1,1,15
LC,7017,1,2,9
LC,7018,1,1,17
LC,7018,1,2,11
LC,7019,1,1,19
LC,7019,1,2,10
LC,7020,1,1,20
LC,7020,1,2,18
LC,7021,1,1,20
LC,7021,1,2,11
LC,7022,1,1,16
LC,7022,1,2,12
LC,7023,1,1,17
LC,7023,1,2,12
LC,7024,1,1,18
LC,7024,1,2,13
LC,7025,1,1,21
LC,7025,1,2,13
LC,7026,1,1,20
LC,7026,1,2,19
LC,7027,1,1,17
LC,7027,1,2,13
LC,7028,1,1,19
LC,7028,1,2,11
LC,7029,1,1,16
LC,7029,1,2,12
LC,7030,1,1,18
LC,7030,1,2,9
LC,7031,1,1,21
LC,7031,1,1,21
LC,7031,1,2,16
LC,7031,1,2,16
LC,7032,1,1,16
LC,7032,1,2,11
LC,7033,1,1,18
LC,7033,1,2,11
LC,7034,1,1,20
LC,7034,1,2,16
LC,7035,1,1,21
LC,7035,1,2,17
LC,7037,1,1,17
LC,7037,1,2,7
LC,7039,1,1,16
LC,7039,1,2,8
LC,7040,1,1,20
LC,7040,1,2,15
LC,7041,1,1,17
LC,7041,1,2,11
LC,7042,1,1,22
LC,7042,1,2,10
LC,7043,1,1,15
LC,7043,1,2,10
LC,7044,1,1,16
LC,7044,1,2,8
LC,7045,1,1,18
LC,7045,1,2,9
LC,7046,1,1,20
LC,7046,1,2,14
LC,7047,1,1,21
LC,7047,1,2,11
LC,7048,1,1,17
LC,7048,1,2,10
LC,7049,1,1,22
LC,7049,1,2,15
LC,7050,1,1,20
LC,7050,1,2,9
LC,7052,1,1,18
LC,7052,1,2,14
LC,7053,1,1,22
LC,7053,1,2,15
LC,7054,1,1,21
LC,7054,1,2,14
LC,7055,1,1,14
LC,7055,1,2,9
LC,7056,1,1,15
LC,7056,1,2,14
LC,7057,1,1,12
LC,7057,1,2,6
LC,7058,1,1,21
LC,7058,1,2,15
LC,7059,1,1,18
LC,7059,1,2,15
LC,7061,1,1,22
LC,7061,1,2,16
LC,7062,1,1,17
LC,7062,1,2,12
LC,7063,1,1,19
LC,7063,1,2,12
LC,7064,1,1,19
LC,7064,1,2,13
LC,7065,1,1,17
LC,7065,1,2,10
LC,7067,1,1,14
LC,7067,1,2,11
LC,7068,1,1,16
LC,7068,1,2,11
LC,7069,1,1,21
LC,7069,1,2,11
LC,7070,1,1,13
LC,7070,1,2,10
LC,7072,1,1,20
LC,7072,1,2,18
LC,7073,1,1,19
LC,7073,1,2,16
LC,7075,1,1,16
LC,7075,1,2,11
LC,7076,1,1,21
LC,7076,1,2,12
LC,7077,1,1,16
LC,7077,1,2,10
LC,7078,1,1,17
LC,7078,1,2,10
LC,7079,1,1,17
LC,7079,1,2,11
LC,7080,1,1,21
LC,7080,1,2,17
LC,7082,1,1,18
LC,7082,1,2,11
LC,7083,1,1,21
LC,7083,1,2,14
LC,7084,1,1,23
LC,7084,1,2,15
LC,7085,1,1,20
LC,7085,1,2,11
LC,7086,1,1,20
LC,7086,1,2,10
LC,7087,1,1,18
LC,7087,1,2,14
LC,7088,1,1,18
LC,7088,1,2,15
LC,7089,1,1,21
LC,7089,1,2,11
LC,7090,1,1,19
LC,7090,1,2,15
LC,7091,1,1,19
LC,7091,1,2,10
LC,7092,1,1,18
LC,7092,1,2,6
LC,7093,1,1,18
LC,7093,1,2,10
LC,7094,1,1,16
LC,7094,1,2,10
LC,7096,1,1,16
LC,7096,1,2,9
LC,7096,,1,16
LC,7096,,2,9
LC,7097,1,1,21
LC,7097,1,2,16
LC,7098,1,1,20
LC,7098,1,2,11
LC,7099,1,1,21
LC,7099,1,2,16
LC,7102,1,1,17
LC,7102,1,2,15
LC,7103,1,1,16
LC,7103,1,2,12
LC,7104,1,1,17
LC,7104,1,2,8
LC,7105,1,1,20
LC,7105,1,2,19
LC,7106,1,1,25
LC,7106,1,2,15
LC,7107,1,1,20
LC,7107,1,2,12
LC,7108,1,1,19
LC,7108,1,2,11
LC,7109,1,1,15
LC,7109,1,2,8
LC,7110,1,1,20
LC,7110,1,2,13
LC,7111,1,1,16
LC,7111,1,2,13
LC,7112,1,1,16
LC,7112,1,2,9
LC,7113,1,1,18
LC,7113,1,2,10
LC,7114,1,1,18
LC,7114,1,2,11
LC,7115,1,1,17
LC,7115,1,2,11
LC,7116,1,1,16
LC,7116,1,2,10
LC,7117,1,1,16
LC,7117,1,2,10
LC,7118,1,1,19
LC,7118,1,2,12
LC,7120,1,1,18
LC,7120,1,2,15
LC,7122,1,1,16
LC,7122,1,2,9
LC,7123,1,1,15
LC,7123,1,2,10
LC,7124,1,1,14
LC,7124,1,2,8
LC,7126,1,1,17
LC,7126,1,2,10
LC,7128,1,1,17
LC,7128,1,2,5
LC,7129,1,1,13
LC,7129,1,2,10
LC,7130,1,1,20
LC,7130,1,2,11
LC,7131,1,1,19
LC,7131,1,2,10
LC,7132,1,1,22
LC,7132,1,2,16
LC,7133,1,1,17
LC,7133,1,2,13
LC,7134,1,1,18
LC,7134,1,2,11
LC,7136,1,1,13
LC,7136,1,2,6
LC,7137,1,1,17
LC,7137,1,2,7
LC,7138,1,1,16
LC,7138,1,2,8
LC,7139,1,1,17
LC,7139,1,2,10
LC,7140,1,1,18
LC,7140,1,2,13
LC,7141,1,1,17
LC,7141,1,2,10
LC,7142,1,1,19
LC,7142,1,2,12
LC,7143,1,1,16
LC,7143,1,2,11
LC,7145,1,1,21
LC,7145,1,2,17
LC,7146,1,1,20
LC,7146,1,2,13
LC,7147,1,1,17
LC,7147,1,2,10
LC,7150,1,1,13
LC,7150,1,2,10
LC,7151,1,1,21
LC,7151,1,2,8
LC,7152,1,1,14
LC,7152,1,2,10
LC,7153,1,1,17
LC,7153,1,2,10
LC,7155,1,1,20
LC,7155,1,2,9
LC,7156,1,1,19
LC,7156,1,2,12
LC,7157,1,1,19
LC,7157,1,2,13
LC,7158,1,1,22
LC,7158,1,2,15
LC,7159,1,1,18
LC,7159,1,2,9
LC,7160,1,1,17
LC,7160,1,2,8
LC,7161,1,1,13
LC,7161,1,2,10
LC,7164,1,1,18
LC,7164,1,2,10
LC,7165,1,1,20
LC,7165,1,2,12
LC,7166,1,1,21
LC,7166,1,2,19
LC,7167,1,1,21
LC,7167,1,2,16
LC,7168,1,1,13
LC,7168,1,2,9
LC,7170,1,1,18
LC,7170,1,2,15
LC,7171,1,1,22
LC,7171,1,2,14
LC,7172,1,1,14
LC,7172,1,2,9
LC,7173,1,1,17
LC,7173,1,2,9
LC,7174,1,1,13
LC,7174,1,2,9
LC,7175,1,1,19
LC,7175,1,2,13
LC,7176,1,1,19
LC,7176,1,2,14
LC,7177,1,1,18
LC,7177,1,2,9
LC,7178,1,1,19
LC,7178,1,2,13
LC,7180,1,1,17
LC,7180,1,2,14
LC,7181,1,1,22
LC,7181,1,2,17
LC,7182,1,1,19
LC,7182,1,2,8
LC,7183,1,1,18
LC,7183,1,2,12
LC,7186,1,1,15
LC,7186,1,2,10
LC,7187,1,1,19
LC,7187,1,2,11
LC,7188,1,1,20
LC,7188,1,2,15
LC,7189,1,1,14
LC,7189,1,2,10
LC,7190,1,1,20
LC,7190,1,2,11
LC,7191,1,1,18
LC,7191,1,2,12
LC,7192,1,1,15
LC,7192,1,2,10
LC,7194,1,1,18
LC,7194,1,2,11
LC,7195,1,1,19
LC,7195,1,2,10
LC,7196,1,1,17
LC,7196,1,2,8
LC,7197,1,1,20
LC,7197,1,2,9
LC,7198,1,1,14
LC,7198,1,2,10
LC,7199,1,1,15
LC,7199,1,2,8
LC,7200,1,1,18
LC,7200,1,2,12
LC,7201,1,1,17
LC,7201,1,2,10
LC,7202,1,1,20
LC,7202,1,2,9
LC,7203,1,1,19
LC,7203,1,2,12
LC,7204,1,1,14
LC,7204,1,2,10
LC,7205,1,1,15
LC,7205,1,2,10
LC,7206,1,1,19
LC,7206,1,2,10
LC,7207,1,1,18
LC,7207,1,2,11
LC,7208,1,1,15
LC,7208,1,2,10
LC,7209,1,1,20
LC,7209,1,2,15
LC,7211,1,1,19
LC,7211,1,2,12
LC,7212,1,1,17
LC,7212,1,2,10
LC,7213,1,1,16
LC,7213,1,2,9
LC,7214,1,1,19
LC,7214,1,2,9
LC,7215,1,1,18
LC,7215,1,2,11
LC,7216,1,1,16
LC,7216,1,2,10
LC,7218,1,1,11
LC,7218,1,2,5
LC,7219,1,1,15
LC,7219,1,2,8
LC,7220,1,1,19
LC,7220,1,2,12
LC,7221,1,1,15
LC,7221,1,2,10
LC,7222,1,1,17
LC,7222,1,2,7
LC,7223,1,1,15
LC,7223,1,2,8
LC,7225,1,1,18
LC,7225,1,2,17
LC,7226,1,1,23
LC,7226,1,2,15
LC,7227,1,1,17
LC,7227,1,2,8
LC,7229,1,1,19
LC,7229,1,2,12
LC,7230,1,1,15
LC,7230,1,2,10
LC,7231,1,1,18
LC,7231,1,2,12
LC,7232,1,1,16
LC,7232,1,2,13
LC,7233,1,1,17
LC,7233,1,2,9
LC,7234,1,1,19
LC,7234,1,2,13
LC,7235,1,1,16
LC,7235,1,2,11
LC,7238,1,1,18
LC,7238,1,2,7
LC,7239,1,1,20
LC,7239,1,2,15
LC,7240,nan,1,23
LC,7240,nan,2,15
LC,7241,1,1,19
LC,7241,1,2,10
LC,7242,1,1,19
LC,7242,1,2,11
LC,7243,1,1,18
LC,7243,1,2,11
LC,7246,nan,1,17
LC,7246,nan,2,12
LC,7248,1,1,18
LC,7248,1,2,10
LC,7249,1,1,19
LC,7249,1,2,12
LC,7250,1,1,15
LC,7250,1,2,9
LC,7251,1,1,18
LC,7251,1,2,12
LC,7252,1,1,22
LC,7252,1,2,14
LC,7254,1,1,18
LC,7254,1,2,10
LC,7255,1,1,17
LC,7255,1,2,9
LC,7700,1,1,12
LC,7700,1,2,7
LC,7701,1,1,18
LC,7701,1,2,10
LC,7702,1,1,17
LC,7702,1,2,7
LC,7703,1,1,18
LC,7703,1,2,9
LC,7704,nan,1,13
LC,7704,nan,2,7
LC,7705,1,1,16
LC,7705,1,2,10
LC,7706,1,1,17
LC,7706,1,2,9
LC,7707,1,1,17
LC,7707,1,2,8
LC,7708,1,1,15
LC,7708,1,2,8
LC,7709,1,1,17
LC,7709,1,2,7
LC,7710,1,1,16
LC,7710,1,2,7
LC,7712,1,1,17
LC,7712,1,2,8
LC,7713,nan,1,18
LC,7713,nan,2,9
LC,7714,1,1,16
LC,7714,1,2,10
LC,7715,1,1,18
LC,7715,1,2,9
LC,7716,1,1,16
LC,7716,1,2,11
LC,7717,nan,1,17
LC,7717,nan,2,10
LC,7718,1,1,16
LC,7718,1,2,8
LC,7721,nan,1,17
LC,7721,nan,2,11
LC,7722,1,1,18
LC,7722,1,2,8
LC,7723,nan,1,13
LC,7723,nan,2,16
LC,7724,1,1,18
LC,7724,1,2,9
LC,7725,1,1,14
LC,7725,1,2,8
LC,7726,1,1,16
LC,7726,1,2,9
LC,7727,1,1,15
LC,7727,1,2,9
LC,7728,1,1,15
LC,7728,1,2,10
LC,7729,1,1,13
LC,7729,1,2,6
LC,7730,1,1,10
LC,7730,1,2,10
LC,7732,1,1,16
LC,7732,1,2,8
LC,7733,1,1,14
LC,7733,1,2,8
LC,7734,1,1,21
LC,7734,1,2,10
LC,7735,1,1,16
LC,7735,1,2,9
LC,7736,1,1,19
LC,7736,1,2,11
LC,7738,1,1,20
LC,7738,1,2,12
LC,7739,1,1,13
LC,7739,1,2,9
LC,7740,1,1,19
LC,7740,1,2,12
LC,7741,1,1,16
LC,7741,1,2,10
LC,7742,1,1,16
LC,7742,1,2,7
LC,7743,1,1,12
LC,7743,1,2,4
LC,7744,1,1,17
LC,7744,1,2,11
LC,7745,1,1,18
LC,7745,1,2,10
LC,7746,1,1,17
LC,7746,1,2,8
LC,7747,1,1,18
LC,7747,1,2,12
LC,7748,1,1,18
LC,7748,1,2,13
LC,7749,1,1,17
LC,7749,1,2,10
LC,7750,1,1,19
LC,7750,1,2,9
LC,7751,1,1,16
LC,7751,1,2,8
LC,7752,1,1,17
LC,7752,1,2,10
LC,7753,1,1,22
LC,7753,1,2,14
LC,7754,1,1,17
LC,7754,1,2,13
LC,7755,nan,1,17
LC,7755,nan,2,8
LC,7756,1,1,16
LC,7756,1,2,11
LC,7757,1,1,22
LC,7757,1,2,12
LC,7758,1,1,19
LC,7758,1,2,10
LC,7759,1,1,18
LC,7759,1,2,12
LC,7760,nan,1,16
LC,7760,nan,2,8
LC,7761,1,1,14
LC,7761,1,2,7
LC,7762,1,1,13
LC,7762,1,2,9
LC,7763,1,1,17
LC,7763,1,2,8
LC,7764,1,1,19
LC,7764,1,2,7
LC,7765,1,1,16
LC,7765,1,2,8
LC,7766,nan,1,17
LC,7766,nan,2,6
LC,7767,1,1,20
LC,7767,1,2,14
LC,7768,1,1,14
LC,7768,1,2,10
LC,7769,1,1,19
LC,7769,1,2,11
LC,7770,1,1,21
LC,7770,1,2,17
LC,7771,nan,1,19
LC,7771,nan,2,15
LC,7772,1,1,18
LC,7772,1,2,10
LC,7773,1,1,17
LC,7773,1,2,10
LC,7774,1,1,16
LC,7774,1,2,11
LC,7775,1,1,17
LC,7775,1,2,9
LC,7776,1,1,18
LC,7776,1,2,11
LC,7777,1,1,19
LC,7777,1,2,14
LC,7778,1,1,21
LC,7778,1,2,9
LC,7779,1,1,16
LC,7779,1,2,11
LC,7780,1,1,14
LC,7780,1,2,15
LC,7781,1,1,17
LC,7781,1,2,7
LC,7782,1,1,19
LC,7782,1,2,10
LC,7783,1,1,21
LC,7783,1,2,13
LC,7784,1,1,13
LC,7784,1,2,6
LC,7786,1,1,16
LC,7786,1,2,9
LC,7787,1,1,15
LC,7787,1,2,9
LC,7788,1,1,19
LC,7788,1,2,10
LC,7789,1,1,14
LC,7789,1,2,10
LC,7790,1,1,15
LC,7790,1,2,10
LC,7791,1,1,19
LC,7791,1,2,11
LC,7792,1,1,19
LC,7792,1,2,12
LC,7793,1,1,16
LC,7793,1,2,9
LC,7794,1,1,15
LC,7794,1,2,9
LC,7795,1,1,14
LC,7795,1,2,9
LC,7797,1,1,17
LC,7797,1,2,8
LC,7798,1,1,13
LC,7798,1,2,6
LC,7799,1,1,18
LC,7799,1,2,9
LC,7800,1,1,14
LC,7800,1,2,5
LC,7801,1,1,17
LC,7801,1,2,11
LC,7802,1,1,18
LC,7802,1,2,11
LC,7803,1,1,16
LC,7803,1,2,9
LC,7805,1,1,15
LC,7805,1,2,11
LC,7806,1,1,18
LC,7806,1,2,10
LC,7807,1,1,16
LC,7807,1,2,12
LC,7808,1,1,17
LC,7808,1,2,10
LC,7810,1,1,18
LC,7810,1,2,7
LC,8000,1,1,15
LC,8000,1,2,7
LC,8000,2,1,17
LC,8000,2,2,6
LC,8000,3,1,15
LC,8000,3,2,9
LC,8001,1,1,18
LC,8001,1,2,14
LC,8002,1,1,17
LC,8002,1,2,10
LC,8002,2,1,20
LC,8002,2,2,12
LC,8002,3,1,18
LC,8002,3,2,14
LC,8003,1,1,15
LC,8003,1,2,9
LC,8003,2,1,18
LC,8003,2,2,12
LC,8003,3,1,14
LC,8003,3,2,10
LC,8004,1,1,18
LC,8004,1,2,11
LC,8004,2,1,17
LC,8004,2,2,11
LC,8004,3,1,17
LC,8004,3,2,14
LC,8005,1,1,23
LC,8005,1,2,11
LC,8005,2,1,24
LC,8005,2,2,15
LC,8005,3,1,25
LC,8005,3,2,14
LC,8006,1,1,23
LC,8006,1,1,23
LC,8006,1,2,12
LC,8006,1,2,12
LC,8006,2,1,17
LC,8006,2,1,17
LC,8006,2,2,9
LC,8006,2,2,9
LC,8008,1,1,17
LC,8008,1,2,10
LC,8008,2,1,17
LC,8008,2,2,11
LC,8008,3,1,15
LC,8008,3,2,9
LC,8009,1,1,22
LC,8009,1,2,12
LC,8009,2,1,23
LC,8009,2,2,13
LC,8009,3,1,20
LC,8009,3,2,10
LC,8011,1,1,24
LC,8011,1,2,13
LC,8011,2,1,24
LC,8011,2,2,13
LC,8011,3,1,24
LC,8011,3,2,15
LC,8012,1,1,25
LC,8012,1,1,25
LC,8012,1,2,15
LC,8012,1,2,15
LC,8012,2,1,24
LC,8012,2,2,16
LC,8012,3,1,25
LC,8012,3,2,15
LC,8014,1,1,21
LC,8014,1,2,10
LC,8014,2,1,20
LC,8014,2,2,14
LC,8014,3,1,17
LC,8014,3,2,12
LC,8015,1,1,18
LC,8015,1,2,9
LC,8016,1,1,17
LC,8016,1,2,8
LC,8016,2,1,17
LC,8016,2,2,9
LC,8016,3,1,17
LC,8016,3,2,9
LC,8017,1,1,21
LC,8017,1,2,11
LC,8017,2,1,17
LC,8017,2,2,11
LC,8017,3,1,19
LC,8017,3,2,10
LC,8018,1,1,18
LC,8018,1,2,8
LC,8018,2,1,19
LC,8018,2,2,10
LC,8018,3,1,17
LC,8018,3,2,9
LC,8019,1,1,18
LC,8019,1,2,15
LC,8019,2,1,21
LC,8019,2,2,14
LC,8019,3,1,22
LC,8019,3,2,12
LC,8020,1,1,15
LC,8020,1,2,9
LC,8020,2,1,17
LC,8020,2,2,9
LC,8020,3,1,17
LC,8020,3,2,6
LC,8021,1,1,15
LC,8021,1,2,13
LC,8021,2,1,18
LC,8021,2,2,10
LC,8022,1,1,23
LC,8022,1,2,13
LC,8022,2,1,24
LC,8022,2,2,15
LC,8022,3,1,24
LC,8022,3,2,17
LC,8023,1,1,17
LC,8023,1,2,13
LC,8023,2,1,19
LC,8023,2,2,10
LC,8024,1,1,17
LC,8024,1,2,7
LC,8024,2,1,15
LC,8024,2,2,10
LC,8026,1,1,18
LC,8026,1,2,11
LC,8026,2,1,21
LC,8026,2,2,13
LC,8026,3,1,20
LC,8026,3,2,10
LC,8027,1,1,17
LC,8027,1,2,11
LC,8027,2,1,18
LC,8027,2,2,12
LC,8030,1,1,16
LC,8030,1,2,7
LC,8030,2,1,18
LC,8030,2,2,8
LC,8030,3,1,16
LC,8030,3,2,6
LC,8031,1,1,18
LC,8031,1,2,10
LC,8031,2,1,17
LC,8031,2,2,13
LC,8031,3,1,19
LC,8031,3,2,13
LC,8032,1,1,19
LC,8032,1,2,11
LC,8032,2,1,17
LC,8032,2,2,10
LC,8032,3,1,16
LC,8032,3,2,10
LC,8034,1,1,19
LC,8034,1,2,8
LC,8035,1,1,17
LC,8035,1,2,9
LC,8035,2,1,15
LC,8035,2,2,8
LC,8035,3,1,17
LC,8035,3,2,9
LC,8036,1,1,14
LC,8036,1,2,6
LC,8036,2,1,11
LC,8036,2,2,6
LC,8036,3,1,15
LC,8036,3,2,5
LC,8037,1,1,20
LC,8037,1,2,17
LC,8037,2,1,18
LC,8037,2,2,13
LC,8037,3,1,19
LC,8037,3,2,15
LC,8038,1,1,18
LC,8038,1,2,16
LC,8038,2,1,20
LC,8038,2,2,12
LC,8038,3,1,19
LC,8038,3,2,12
LC,8039,1,1,21
LC,8039,1,2,14
LC,8039,2,1,23
LC,8039,2,2,15
LC,8039,3,1,22
LC,8039,3,2,17
LC,8040,1,1,14
LC,8040,1,2,9
LC,8040,2,1,14
LC,8040,2,2,13
LC,8040,3,1,15
LC,8040,3,2,13
LC,8042,1,1,17
LC,8042,1,2,11
LC,8046,1,1,17
LC,8046,1,2,11
LC,8046,2,1,20
LC,8046,2,2,14
LC,8046,3,1,19
LC,8046,3,2,13
LC,8047,1,1,19
LC,8047,1,2,12
LC,8047,2,1,16
LC,8047,2,2,7
LC,8047,3,1,19
LC,8047,3,2,11
LC,8048,1,1,21
LC,8048,1,2,14
LC,8048,2,1,18
LC,8048,2,2,16
LC,8048,3,1,17
LC,8048,3,2,16
LC,8050,1,1,19
LC,8050,1,2,12
LC,8050,2,1,18
LC,8050,2,2,12
LC,8051,1,1,22
LC,8051,1,2,15
LC,8051,2,1,19
LC,8051,2,2,13
LC,8051,3,1,18
LC,8051,3,2,12
LC,8052,1,1,20
LC,8052,1,2,13
LC,8052,2,1,23
LC,8052,2,2,12
LC,8052,3,1,20
LC,8052,3,2,11
LC,8053,1,1,18
LC,8053,1,2,10
LC,8053,2,1,17
LC,8053,2,2,10
LC,8053,nan,1,19
LC,8053,nan,2,13
LC,8054,1,1,15
LC,8054,1,2,6
LC,8054,2,1,16
LC,8054,2,2,11
LC,8056,1,1,18
LC,8056,1,2,8
LC,8056,2,1,20
LC,8056,2,2,10
LC,8056,3,1,18
LC,8056,3,2,11
LC,8058,1,1,20
LC,8058,1,2,14
LC,8058,2,1,21
LC,8058,2,2,14
LC,8060,1,1,18
LC,8060,1,2,12
LC,8060,2,1,19
LC,8060,2,2,12
LC,8060,3,1,21
LC,8060,3,2,13
LC,8061,1,1,18
LC,8061,1,2,13
LC,8062,1,1,17
LC,8062,1,2,9
LC,8062,2,1,16
LC,8062,2,2,10
LC,8063,1,1,18
LC,8063,1,2,14
LC,8063,2,1,20
LC,8063,2,2,15
LC,8063,nan,1,21
LC,8063,nan,2,13
LC,8064,1,1,19
LC,8064,1,2,10
LC,8064,2,1,19
LC,8064,2,2,9
LC,8065,1,1,21
LC,8065,1,2,14
LC,8065,2,1,20
LC,8065,2,2,15
LC,8065,nan,1,24
LC,8065,nan,2,15
LC,8066,2,1,19
LC,8066,2,2,12
LC,8066,3,1,20
LC,8066,3,2,9
LC,8067,1,1,18
LC,8067,1,2,12
LC,8068,1,1,14
LC,8068,1,2,2
LC,8068,2,1,16
LC,8068,2,2,8
LC,8068,nan,1,13
LC,8068,nan,2,7
LC,8069,1,1,17
LC,8069,1,2,9
LC,8069,2,1,17
LC,8069,2,2,10
LC,8070,1,1,23
LC,8070,1,2,12
LC,8070,2,1,22
LC,8070,2,2,15
LC,8070,nan,1,23
LC,8070,nan,2,16
LC,8072,1,1,19
LC,8072,1,2,9
LC,8072,2,1,21
LC,8072,2,2,9
LC,8073,2,1,22
LC,8073,2,2,15
LC,8073,3,1,23
LC,8073,3,2,10
LC,8073,nan,1,23
LC,8073,nan,2,13
LC,8074,1,1,22
LC,8074,1,2,14
LC,8074,2,1,24
LC,8074,2,2,16
LC,8074,nan,1,22
LC,8074,nan,2,14
LC,8075,1,1,19
LC,8075,1,2,10
LC,8075,3,1,19
LC,8075,3,2,10
LC,8075,nan,1,18
LC,8075,nan,2,9
LC,8076,1,1,19
LC,8076,1,2,11
LC,8076,2,1,19
LC,8076,2,2,12
LC,8076,3,1,18
LC,8076,3,2,11
LC,8078,1,1,15
LC,8078,1,2,10
LC,8078,2,1,13
LC,8078,2,2,8
LC,8078,3,1,18
LC,8078,3,2,12
LC,8079,1,1,17
LC,8079,1,2,7
LC,8079,2,1,17
LC,8079,2,2,9
LC,8079,3,1,15
LC,8079,3,2,10
LC,8080,1,1,17
LC,8080,1,2,10
LC,8080,2,1,14
LC,8080,2,2,13
LC,8080,3,1,15
LC,8080,3,2,12
LC,8081,1,1,20
LC,8081,1,2,16
LC,8081,2,1,20
LC,8081,2,2,12
LC,8083,1,1,16
LC,8083,1,2,11
LC,8083,3,1,19
LC,8083,3,2,11
LC,8083,nan,1,19
LC,8083,nan,2,11
LC,8084,1,1,20
LC,8084,1,2,10
LC,8084,2,1,17
LC,8084,2,2,9
LC,8084,3,1,16
LC,8084,3,2,10
LC,8085,1,1,16
LC,8085,1,2,9
LC,8085,2,1,18
LC,8085,2,2,13
LC,8087,1,1,22
LC,8087,1,2,14
LC,8087,2,1,19
LC,8087,2,2,18
LC,8087,3,1,24
LC,8087,3,2,11
LC,8088,1,1,19
LC,8088,1,2,11
LC,8088,2,1,16
LC,8088,2,2,8
LC,8088,3,1,17
LC,8088,3,2,7
LC,8090,1,1,19
LC,8090,1,2,10
LC,8092,1,1,19
LC,8092,1,2,9
LC,8092,3,1,15
LC,8092,3,2,9
LC,8092,nan,1,15
LC,8092,nan,2,9
LC,8093,1,1,15
LC,8093,1,2,7
LC,8094,1,1,17
LC,8094,1,2,9
LC,8094,2,1,19
LC,8094,2,2,12
LC,8094,3,1,19
LC,8094,3,2,9
LC,8095,1,1,19
LC,8095,1,2,10
LC,8096,1,1,18
LC,8096,1,2,10
LC,8096,2,1,24
LC,8096,2,2,16
LC,8096,3,1,23
LC,8096,3,2,15
LC,8098,1,1,17
LC,8098,1,2,9
LC,8098,2,1,17
LC,8098,2,2,8
LC,8099,1,1,16
LC,8099,1,2,11
LC,8099,2,1,17
LC,8099,2,2,9
LC,8100,1,1,17
LC,8100,1,2,13
LC,8100,2,1,17
LC,8100,2,2,10
LC,8101,1,1,14
LC,8101,1,2,10
LC,8102,1,1,20
LC,8102,1,2,14
LC,8102,2,1,21
LC,8102,2,2,12
LC,8103,1,1,21
LC,8103,1,2,10
LC,8103,2,1,19
LC,8103,2,2,12
LC,8104,1,1,16
LC,8104,1,2,10
LC,8104,2,1,19
LC,8104,2,2,12
LC,8106,1,1,22
LC,8106,1,2,14
LC,8106,2,1,21
LC,8106,2,2,15
LC,8107,1,1,17
LC,8107,1,2,12
LC,8107,3,1,22
LC,8107,3,2,16
LC,8108,1,1,23
LC,8108,1,2,16
LC,8108,2,1,19
LC,8108,2,2,16
LC,8111,1,1,17
LC,8111,1,2,9
LC,8112,1,1,23
LC,8112,1,2,16
LC,8113,1,1,16
LC,8113,1,2,9
LC,8114,1,1,20
LC,8114,1,2,9
LC,8114,2,1,20
LC,8114,2,2,15
LC,8115,1,1,17
LC,8115,1,2,15
LC,8116,1,1,16
LC,8116,1,2,12
LC,8116,2,1,18
LC,8116,2,2,12
LC,8118,1,1,20
LC,8118,1,2,19
LC,8119,1,1,21
LC,8119,1,2,12
LC,8120,1,1,18
LC,8120,1,2,10
LC,8120,2,1,17
LC,8120,2,2,10
LC,8121,1,1,20
LC,8121,1,2,13
LC,8121,2,1,23
LC,8121,2,2,18
LC,8123,1,1,18
LC,8123,1,2,11
LC,8124,1,1,20
LC,8124,1,2,11
LC,8125,1,1,17
LC,8125,1,2,13
LC,8126,1,1,19
LC,8126,1,2,15
LC,8127,1,1,20
LC,8127,1,2,14
LC,8128,1,1,21
LC,8128,1,2,13
LC,8130,1,1,17
LC,8130,1,2,10
LC,8131,1,1,16
LC,8131,1,2,14
LC,8132,1,1,25
LC,8132,1,2,18
LC,8136,1,1,21
LC,8136,1,2,12
LC,8139,1,1,20
LC,8139,1,2,12
LC,8140,1,1,16
LC,8140,1,2,8
LC,8145,1,1,15
LC,8145,1,2,12
LC,8146,1,1,20
LC,8146,1,2,10
LC,8149,1,1,20
LC,8149,1,2,15
LC,83664,nan,1,16
LC,83664,nan,2,9
LC,9002,1,1,21
LC,9002,1,2,11
LC,9002,3,1,17
LC,9002,3,2,12
LC,9003,1,1,19
LC,9003,1,2,17
LC,9003,3,1,20
LC,9003,3,2,15
LC,9004,1,1,17
LC,9004,1,2,12
LC,9005,1,1,23
LC,9005,1,2,15
LC,9005,2,1,20
LC,9005,2,2,16
LC,9005,3,1,21
LC,9005,3,2,12
LC,9007,1,1,15
LC,9007,1,2,10
LC,9008,1,1,17
LC,9008,1,2,8
LC,9009,1,1,23
LC,9009,1,2,16
LC,9009,2,1,24
LC,9009,2,2,14
LC,9009,3,1,19
LC,9009,3,2,17
LC,9010,1,1,14
LC,9010,1,2,10
LC,9010,2,1,20
LC,9010,2,2,15
LC,9010,3,1,18
LC,9010,3,2,15
LC,9011,1,1,24
LC,9011,1,2,16
LC,9013,1,1,21
LC,9013,1,2,11
LC,9013,2,1,23
LC,9013,2,2,15
LC,9013,3,1,21
LC,9013,3,2,12
LC,9014,1,1,24
LC,9014,1,2,15
LC,9015,1,1,22
LC,9015,1,2,15
LC,9015,2,1,22
LC,9015,2,2,14
LC,9015,3,1,23
LC,9015,3,2,14
LC,9017,1,1,19
LC,9017,1,2,9
LC,9017,2,1,20
LC,9017,2,2,9
LC,9018,1,1,18
LC,9018,1,2,12
LC,9019,1,1,23
LC,9019,1,2,14
LC,9019,2,1,26
LC,9019,2,2,17
LC,9019,3,1,24
LC,9019,3,2,15
LC,9020,1,1,19
LC,9020,1,2,11
LC,9021,1,1,18
LC,9021,1,2,10
LC,9021,2,1,17
LC,9021,2,2,9
LC,9021,3,1,18
LC,9021,3,2,8
LC,9023,1,1,19
LC,9023,1,2,8
LC,9023,2,1,20
LC,9023,2,2,14
LC,9023,3,1,20
LC,9023,3,2,14
LC,9024,1,1,16
LC,9024,1,2,8
LC,9024,2,1,23
LC,9024,2,2,9
LC,9024,3,1,17
LC,9024,3,2,10
LC,9028,1,1,19
LC,9028,1,2,12
LC,9028,2,1,20
LC,9028,2,2,14
LC,9028,3,1,16
LC,9028,3,2,10
LC,9029,1,1,16
LC,9029,1,2,12
LC,9029,2,1,19
LC,9029,2,2,13
LC,9029,3,1,20
LC,9029,3,2,13
LC,9030,1,1,13
LC,9030,1,2,6
LC,9031,1,1,18
LC,9031,1,2,11
LC,9031,2,1,15
LC,9031,2,2,12
LC,9031,3,1,20
LC,9031,3,2,11
LC,9033,1,1,17
LC,9033,1,2,10
LC,9033,2,1,16
LC,9033,2,2,8
LC,9033,3,1,17
LC,9033,3,2,11
LC,9034,1,1,18
LC,9034,1,2,12
LC,9034,2,1,20
LC,9034,2,2,10
LC,9034,3,1,19
LC,9034,3,2,10
LC,9035,1,1,19
LC,9035,1,2,10
LC,9035,2,1,18
LC,9035,2,2,10
LC,9035,3,1,18
LC,9035,3,2,11
LC,9038,1,1,22
LC,9038,1,2,16
LC,9038,3,1,22
LC,9038,3,2,13
LC,9045,1,1,16
LC,9045,1,2,7
LC,9045,2,1,15
LC,9045,2,2,8
LC,9045,3,1,16
LC,9045,3,2,8
LC,9047,1,1,16
LC,9047,1,2,12
LC,9047,2,1,18
LC,9047,2,2,12
LC,9048,1,1,15
LC,9048,1,2,6
LC,9049,1,1,22
LC,9049,1,2,14
LC,9050,1,1,21
LC,9050,1,2,11
LC,9051,1,1,18
LC,9051,1,2,10
LC,9051,2,1,16
LC,9051,2,2,10
LC,9054,1,1,18
LC,9054,1,2,12
LC,9054,2,1,20
LC,9054,2,2,11
LC,9054,3,1,19
LC,9054,3,2,6
LC,9056,1,1,18
LC,9056,1,2,10
LC,9057,1,1,16
LC,9057,1,2,9
LC,9057,2,1,15
LC,9057,2,2,12
LC,9059,1,1,18
LC,9059,1,2,11
LC,9059,2,1,18
LC,9059,2,2,8
LC,9060,1,1,20
LC,9060,1,2,11
LC,9062,1,1,23
LC,9062,1,2,13
LC,9062,2,1,24
LC,9062,2,2,16
LC,9064,1,1,15
LC,9064,1,2,10
LC,9067,1,1,19
LC,9067,1,2,15
LC,9067,2,1,18
LC,9067,2,2,13
LC,9068,1,1,25
LC,9068,1,2,15
LC,9068,2,1,22
LC,9068,2,2,16
LC,9070,1,1,14
LC,9070,1,2,9
LC,9070,2,1,13
LC,9070,2,2,11
LC,9071,1,1,17
LC,9071,1,2,7
LC,9073,1,1,16
LC,9073,1,2,10
LC,9073,2,1,17
LC,9073,2,2,10
LC,9074,1,1,21
LC,9074,1,2,10
LC,9074,2,1,16
LC,9074,2,2,13
LC,9076,1,1,15
LC,9076,1,2,9
LC,9076,2,1,17
LC,9076,2,2,9
LC,9077,1,1,20
LC,9077,1,2,12
LC,9078,1,1,18
LC,9078,1,2,11
LC,9080,1,1,14
LC,9080,1,2,8
LC,9081,1,1,18
LC,9081,1,2,12
LC,9081,2,1,19
LC,9081,2,2,10
LC,9082,1,1,19
LC,9082,1,2,10
LC,9083,1,1,14
LC,9083,1,2,10
LC,9084,1,1,14
LC,9084,1,2,10
LC,9086,1,1,18
LC,9086,1,2,10
LC,9087,1,1,20
LC,9087,1,2,12
LC,9088,1,1,18
LC,9088,1,2,13
LC,9090,1,1,18
LC,9090,1,2,10
LC,9092,1,1,16
LC,9092,1,2,9
LC,9093,1,1,21
LC,9093,1,2,13
LC,9094,1,1,21
LC,9094,1,2,11
LC,9999,1,1,17
LC,9999,1,1,25
LC,9999,1,2,13
LC,9999,1,2,0
LC,9999,nan,1,21
LC,9999,nan,2,8
LC,LC,,1,15
LC,LC,,2,10
PC,0,1,1,27
PC,0,1,2,22
PC,1,1,1,15
PC,1,1,2,17
PC,1474,1,1,22
PC,1474,1,2,22
PC,4,nan,1,31
PC,4,nan,2,23
PC,7000,1,1,24
PC,7000,1,2,19
PC,7001,1,1,31
PC,7001,1,2,25
PC,7002,1,1,24
PC,7002,1,2,16
PC,7003,1,1,25
PC,7003,1,2,19
PC,7004,1,1,21
PC,7004,1,2,15
PC,7005,1,1,27
PC,7005,1,2,19
PC,7006,1,1,26
PC,7006,1,2,19
PC,7007,1,1,22
PC,7007,1,2,11
PC,7008,1,1,28
PC,7008,1,2,20
PC,7009,1,1,26
PC,7009,1,2,24
PC,7010,1,1,31
PC,7010,1,2,24
PC,7012,1,1,25
PC,7012,1,2,20
PC,7013,1,1,22
PC,7013,1,2,18
PC,7014,1,1,26
PC,7014,1,2,22
PC,7015,1,1,25
PC,7015,1,2,20
PC,7016,1,1,24
PC,7016,1,2,20
PC,7017,1,1,30
PC,7017,1,2,23
PC,7018,1,1,20
PC,7018,1,2,18
PC,7019,1,1,24
PC,7019,1,2,14
PC,7020,1,1,24
PC,7020,1,2,22
PC,7021,1,1,29
PC,7021,1,2,21
PC,7022,1,1,22
PC,7022,1,2,20
PC,7023,1,1,21
PC,7023,1,2,15
PC,7024,1,1,29
PC,7024,1,2,24
PC,7025,1,1,29
PC,7025,1,2,23
PC,7026,1,1,36
PC,7026,1,2,24
PC,7027,1,1,24
PC,7027,1,2,22
PC,7028,1,1,25
PC,7028,1,2,20
PC,7029,1,1,25
PC,7029,1,2,17
PC,7030,1,1,27
PC,7030,1,2,18
PC,7031,1,1,23
PC,7031,1,1,23
PC,7031,1,2,19
PC,7031,1,2,19
PC,7032,1,1,25
PC,7032,1,2,19
PC,7033,1,1,22
PC,7033,1,2,19
PC,7034,1,1,30
PC,7034,1,2,25
PC,7035,1,1,30
PC,7035,1,2,23
PC,7037,1,1,18
PC,7037,1,2,13
PC,7039,1,1,25
PC,7039,1,2,20
PC,7040,1,1,26
PC,7040,1,2,21
PC,7041,1,1,23
PC,7041,1,2,18
PC,7042,1,1,26
PC,7042,1,2,22
PC,7043,1,1,18
PC,7043,1,2,18
PC,7044,1,1,20
PC,7044,1,2,12
PC,7045,1,1,20
PC,7045,1,2,15
PC,7046,1,1,24
PC,7046,1,2,20
PC,7047,1,1,24
PC,7047,1,2,18
PC,7048,1,1,19
PC,7048,1,2,14
PC,7049,1,1,24
PC,7049,1,2,21
PC,7050,1,1,26
PC,7050,1,2,20
PC,7052,1,1,26
PC,7052,1,2,22
PC,7053,1,1,32
PC,7053,1,2,19
PC,7054,1,1,28
PC,7054,1,2,19
PC,7055,1,1,20
PC,7055,1,2,17
PC,7056,1,1,22
PC,7056,1,2,19
PC,7057,1,1,14
PC,7057,1,2,12
PC,7058,1,1,30
PC,7058,1,2,19
PC,7059,1,1,25
PC,7059,1,2,22
PC,7061,1,1,28
PC,7061,1,2,22
PC,7062,1,1,23
PC,7062,1,2,19
PC,7063,1,1,23
PC,7063,1,2,20
PC,7064,1,1,30
PC,7064,1,2,19
PC,7065,1,1,25
PC,7065,1,2,15
PC,7067,1,1,17
PC,7067,1,2,17
PC,7068,1,1,22
PC,7068,1,2,14
PC,7069,1,1,24
PC,7069,1,2,21
PC,7070,1,1,24
PC,7070,1,2,18
PC,7072,1,1,26
PC,7072,1,2,25
PC,7073,1,1,31
PC,7073,1,2,20
PC,7075,1,1,22
PC,7075,1,2,12
PC,7076,1,1,17
PC,7076,1,2,14
PC,7077,1,1,24
PC,7077,1,2,14
PC,7078,1,1,28
PC,7078,1,2,23
PC,7079,1,1,21
PC,7079,1,2,15
PC,7080,1,1,34
PC,7080,1,2,25
PC,7082,1,1,25
PC,7082,1,2,21
PC,7083,1,1,24
PC,7083,1,2,23
PC,7084,1,1,26
PC,7084,1,2,21
PC,7085,1,1,24
PC,7085,1,2,16
PC,7086,1,1,21
PC,7086,1,2,16
PC,7087,1,1,29
PC,7087,1,2,24
PC,7088,1,1,22
PC,7088,1,2,16
PC,7089,1,1,26
PC,7089,1,2,20
PC,7090,1,1,25
PC,7090,1,2,21
PC,7091,1,1,26
PC,7091,1,2,21
PC,7092,1,1,24
PC,7092,1,2,16
PC,7093,1,1,26
PC,7093,1,2,24
PC,7094,1,1,22
PC,7094,1,2,13
PC,7096,1,1,21
PC,7096,1,2,18
PC,7097,1,1,30
PC,7097,1,2,21
PC,7098,1,1,24
PC,7098,1,2,17
PC,7099,1,1,27
PC,7099,1,2,22
PC,7102,1,1,24
PC,7102,1,2,17
PC,7103,1,1,18
PC,7103,1,2,23
PC,7104,1,1,22
PC,7104,1,2,12
PC,7105,1,1,29
PC,7105,1,2,26
PC,7106,1,1,28
PC,7106,1,2,24
PC,7107,1,1,26
PC,7107,1,2,19
PC,7108,1,1,25
PC,7108,1,2,16
PC,7109,1,1,23
PC,7109,1,2,19
PC,7110,1,1,30
PC,7110,1,2,24
PC,7111,1,1,24
PC,7111,1,2,20
PC,7112,1,1,19
PC,7112,1,2,13
PC,7113,1,1,18
PC,7113,1,2,15
PC,7114,1,1,28
PC,7114,1,2,20
PC,7115,1,1,25
PC,7115,1,2,17
PC,7116,1,1,27
PC,7116,1,2,16
PC,7117,1,1,19
PC,7117,1,2,15
PC,7118,1,1,27
PC,7118,1,2,19
PC,7120,1,1,25
PC,7120,1,2,18
PC,7122,1,1,19
PC,7122,1,2,13
PC,7123,1,1,28
PC,7123,1,2,22
PC,7124,1,1,21
PC,7124,1,2,16
PC,7126,1,1,31
PC,7126,1,2,23
PC,7128,1,1,28
PC,7128,1,2,23
PC,7129,1,1,24
PC,7129,1,2,22
PC,7130,1,1,23
PC,7130,1,2,20
PC,7131,1,1,29
PC,7131,1,2,24
PC,7132,1,1,27
PC,7132,1,2,22
PC,7133,1,1,25
PC,7133,1,2,24
PC,7134,1,1,24
PC,7134,1,2,18
PC,7136,1,1,23
PC,7136,1,2,17
PC,7137,1,1,25
PC,7137,1,2,18
PC,7138,1,1,20
PC,7138,1,2,16
PC,7139,1,1,21
PC,7139,1,2,13
PC,7140,1,1,24
PC,7140,1,2,21
PC,7141,1,1,27
PC,7141,1,2,19
PC,7142,1,1,23
PC,7142,1,2,23
PC,7143,1,1,22
PC,7143,1,2,13
PC,7145,1,1,24
PC,7145,1,2,19
PC,7146,1,1,26
PC,7146,1,2,21
PC,7147,1,1,23
PC,7147,1,2,19
PC,7150,1,1,19
PC,7150,1,2,13
PC,7151,1,1,23
PC,7151,1,2,15
PC,7152,1,1,23
PC,7152,1,2,15
PC,7153,1,1,21
PC,7153,1,2,13
PC,7155,1,1,25
PC,7155,1,2,18
PC,7156,1,1,31
PC,7156,1,2,23
PC,7157,1,1,26
PC,7157,1,2,21
PC,7158,1,1,26
PC,7158,1,2,20
PC,7159,1,1,27
PC,7159,1,2,22
PC,7160,1,1,23
PC,7160,1,2,15
PC,7161,1,1,23
PC,7161,1,2,21
PC,7164,1,1,21
PC,7164,1,2,14
PC,7165,1,1,25
PC,7165,1,2,19
PC,7166,1,1,26
PC,7166,1,2,23
PC,7167,1,1,32
PC,7167,1,2,22
PC,7168,1,1,27
PC,7168,1,2,21
PC,7170,1,1,30
PC,7170,1,2,21
PC,7171,1,1,34
PC,7171,1,2,23
PC,7172,1,1,20
PC,7172,1,2,17
PC,7173,1,1,24
PC,7173,1,2,20
PC,7174,1,1,22
PC,7174,1,2,16
PC,7175,1,1,23
PC,7175,1,2,22
PC,7176,1,1,27
PC,7176,1,2,20
PC,7177,1,1,23
PC,7177,1,2,21
PC,7178,1,1,24
PC,7178,1,2,15
PC,7180,1,1,25
PC,7180,1,2,22
PC,7181,1,1,27
PC,7181,1,2,23
PC,7182,1,1,22
PC,7182,1,2,15
PC,7183,1,1,27
PC,7183,1,2,22
PC,7186,1,1,28
PC,7186,1,2,21
PC,7187,1,1,24
PC,7187,1,2,15
PC,7188,1,1,28
PC,7188,1,2,22
PC,7189,1,1,23
PC,7189,1,2,19
PC,7190,1,1,23
PC,7190,1,2,16
PC,7191,1,1,19
PC,7191,1,2,14
PC,7192,1,1,30
PC,7192,1,2,20
PC,7194,1,1,23
PC,7194,1,2,18
PC,7195,1,1,23
PC,7195,1,2,20
PC,7196,1,1,20
PC,7196,1,2,11
PC,7197,1,1,24
PC,7197,1,2,20
PC,7199,1,1,24
PC,7199,1,2,19
PC,7200,1,1,26
PC,7200,1,2,20
PC,7201,1,1,17
PC,7201,1,2,12
PC,7202,1,1,26
PC,7202,1,2,24
PC,7203,1,1,20
PC,7203,1,2,17
PC,7204,1,1,25
PC,7204,1,2,16
PC,7205,1,1,22
PC,7205,1,2,17
PC,7206,1,1,23
PC,7206,1,2,15
PC,7207,1,1,21
PC,7207,1,2,15
PC,7208,1,1,23
PC,7208,1,2,20
PC,7209,1,1,23
PC,7209,1,2,19
PC,7211,1,1,19
PC,7211,1,2,20
PC,7212,1,1,21
PC,7212,1,2,15
PC,7213,1,1,21
PC,7213,1,2,19
PC,7214,1,1,28
PC,7214,1,2,23
PC,7215,1,1,19
PC,7215,1,2,16
PC,7216,1,1,26
PC,7216,1,2,19
PC,7218,1,1,16
PC,7218,1,2,10
PC,7219,1,1,23
PC,7219,1,2,14
PC,7220,1,1,22
PC,7220,1,2,19
PC,7221,1,1,23
PC,7221,1,2,21
PC,7222,1,1,23
PC,7222,1,2,19
PC,7223,1,1,25
PC,7223,1,2,18
PC,7225,1,1,22
PC,7225,1,2,17
PC,7226,1,1,32
PC,7226,1,2,20
PC,7227,1,1,25
PC,7227,1,2,20
PC,7229,1,1,22
PC,7229,1,2,18
PC,7230,1,1,23
PC,7230,1,2,17
PC,7231,1,1,20
PC,7231,1,2,20
PC,7232,1,1,27
PC,7232,1,2,21
PC,7233,1,1,19
PC,7233,1,2,16
PC,7234,1,1,27
PC,7234,1,2,22
PC,7235,1,1,27
PC,7235,1,2,23
PC,7238,1,1,25
PC,7238,1,2,19
PC,7239,1,1,29
PC,7239,1,2,25
PC,7240,nan,1,25
PC,7240,nan,2,23
PC,7241,1,1,29
PC,7241,1,2,18
PC,7242,1,1,25
PC,7242,1,2,23
PC,7243,1,1,25
PC,7243,1,2,20
PC,7246,nan,1,16
PC,7246,nan,2,15
PC,7248,1,1,27
PC,7248,1,2,18
PC,7249,1,1,25
PC,7249,1,2,20
PC,7250,1,1,23
PC,7250,1,2,19
PC,7251,1,1,31
PC,7251,1,2,25
PC,7252,1,1,28
PC,7252,1,2,25
PC,7254,1,1,27
PC,7254,1,2,23
PC,7255,1,1,28
PC,7255,1,2,18
PC,7700,1,1,20
PC,7700,1,2,10
PC,7701,1,1,23
PC,7701,1,2,18
PC,7702,1,1,23
PC,7702,1,2,14
PC,7703,1,1,25
PC,7703,1,2,17
PC,7704,nan,1,22
PC,7704,nan,2,16
PC,7705,1,1,23
PC,7705,1,2,21
PC,7706,1,1,26
PC,7706,1,2,15
PC,7707,1,1,25
PC,7707,1,2,16
PC,7708,1,1,17
PC,7708,1,2,8
PC,7709,1,1,19
PC,7709,1,2,9
PC,7710,1,1,19
PC,7710,1,2,12
PC,7712,1,1,20
PC,7712,1,2,15
PC,7713,nan,1,21
PC,7713,nan,2,16
PC,7714,1,1,22
PC,7714,1,2,14
PC,7715,1,1,22
PC,7715,1,2,22
PC,7716,1,1,21
PC,7716,1,2,15
PC,7717,nan,1,23
PC,7717,nan,2,12
PC,7718,1,1,18
PC,7718,1,2,15
PC,7721,nan,1,23
PC,7721,nan,2,20
PC,7722,1,1,26
PC,7722,1,2,16
PC,7723,nan,1,25
PC,7723,nan,2,17
PC,7724,1,1,22
PC,7724,1,2,18
PC,7725,1,1,17
PC,7725,1,2,15
PC,7726,1,1,21
PC,7726,1,2,15
PC,7727,1,1,19
PC,7727,1,2,13
PC,7728,1,1,21
PC,7728,1,2,17
PC,7729,1,1,16
PC,7729,1,2,13
PC,7730,1,1,21
PC,7730,1,2,16
PC,7732,1,1,28
PC,7732,1,2,21
PC,7733,1,1,18
PC,7733,1,2,11
PC,7734,1,1,25
PC,7734,1,2,15
PC,7735,1,1,21
PC,7735,1,2,15
PC,7736,1,1,21
PC,7736,1,2,17
PC,7738,1,1,25
PC,7738,1,2,21
PC,7739,1,1,17
PC,7739,1,2,13
PC,7740,1,1,23
PC,7740,1,2,19
PC,7741,1,1,21
PC,7741,1,2,12
PC,7742,1,1,21
PC,7742,1,2,13
PC,7743,1,1,22
PC,7743,1,2,17
PC,7744,1,1,24
PC,7744,1,2,18
PC,7745,1,1,27
PC,7745,1,2,24
PC,7746,1,1,22
PC,7746,1,2,17
PC,7747,1,1,27
PC,7747,1,2,23
PC,7748,1,1,23
PC,7748,1,2,19
PC,7749,1,1,23
PC,7749,1,2,20
PC,7750,1,1,22
PC,7750,1,2,20
PC,7751,1,1,19
PC,7751,1,2,12
PC,7752,1,1,22
PC,7752,1,2,13
PC,7753,1,1,26
PC,7753,1,2,18
PC,7754,1,1,28
PC,7754,1,2,20
PC,7755,nan,1,21
PC,7755,nan,2,15
PC,7756,1,1,23
PC,7756,1,2,18
PC,7757,1,1,29
PC,7757,1,2,21
PC,7758,1,1,25
PC,7758,1,2,18
PC,7759,1,1,23
PC,7759,1,2,22
PC,7760,nan,1,19
PC,7760,nan,2,14
PC,7761,1,1,23
PC,7761,1,2,18
PC,7762,1,1,20
PC,7762,1,2,15
PC,7763,1,1,21
PC,7763,1,2,17
PC,7763,nan,1,21
PC,7763,nan,2,17
PC,7764,1,1,28
PC,7764,1,2,22
PC,7765,1,1,19
PC,7765,1,2,12
PC,7766,nan,1,22
PC,7766,nan,2,18
PC,7767,1,1,23
PC,7767,1,2,14
PC,7768,1,1,20
PC,7768,1,2,25
PC,7769,1,1,26
PC,7769,1,2,17
PC,7770,1,1,31
PC,7770,1,2,23
PC,7771,nan,1,30
PC,7771,nan,2,21
PC,7772,1,1,28
PC,7772,1,2,20
PC,7773,1,1,18
PC,7773,1,2,12
PC,7774,1,1,24
PC,7774,1,2,17
PC,7775,1,1,27
PC,7775,1,2,18
PC,7776,1,1,24
PC,7776,1,2,21
PC,7777,1,1,25
PC,7777,1,2,20
PC,7778,1,1,21
PC,7778,1,2,17
PC,7779,1,1,24
PC,7779,1,2,19
PC,7780,1,1,27
PC,7780,1,2,29
PC,7781,1,1,20
PC,7781,1,2,15
PC,7782,1,1,12
PC,7782,1,2,18
PC,7783,1,1,27
PC,7783,1,2,22
PC,7784,1,1,24
PC,7784,1,2,14
PC,7786,1,1,19
PC,7786,1,2,12
PC,7787,1,1,23
PC,7787,1,2,19
PC,7788,1,1,23
PC,7788,1,2,15
PC,7789,1,1,22
PC,7789,1,2,20
PC,7790,1,1,23
PC,7790,1,2,16
PC,7791,1,1,22
PC,7791,1,2,18
PC,7792,1,1,23
PC,7792,1,2,18
PC,7793,1,1,24
PC,7793,1,2,13
PC,7794,1,1,23
PC,7794,1,2,16
PC,7795,1,1,19
PC,7795,1,2,17
PC,7797,1,1,24
PC,7797,1,2,15
PC,7798,1,1,19
PC,7798,1,2,18
PC,7799,1,1,20
PC,7799,1,2,14
PC,7800,1,1,24
PC,7800,1,2,17
PC,7801,1,1,22
PC,7801,1,2,17
PC,7802,1,1,24
PC,7802,1,2,13
PC,7803,1,1,23
PC,7803,1,2,13
PC,7805,1,1,26
PC,7805,1,2,21
PC,7806,1,1,25
PC,7806,1,2,19
PC,7807,1,1,24
PC,7807,1,2,16
PC,7808,nan,1,19
PC,7808,nan,2,23
PC,7810,1,1,29
PC,7810,1,2,22
PC,8000,1,1,24
PC,8000,1,2,18
PC,8000,2,1,22
PC,8000,2,2,18
PC,8000,3,1,23
PC,8000,3,2,15
PC,8001,1,1,23
PC,8001,1,2,18
PC,8002,1,1,23
PC,8002,1,2,16
PC,8002,2,1,23
PC,8002,2,2,19
PC,8002,3,1,26
PC,8002,3,2,16
PC,8003,1,1,27
PC,8003,1,2,16
PC,8003,2,1,22
PC,8003,2,2,19
PC,8003,3,1,26
PC,8003,3,2,19
PC,8004,1,1,29
PC,8004,1,2,21
PC,8004,2,1,24
PC,8004,2,2,20
PC,8004,3,1,22
PC,8004,3,2,18
PC,8005,1,1,30
PC,8005,1,2,21
PC,8005,2,1,33
PC,8005,2,2,22
PC,8005,3,1,31
PC,8005,3,2,21
PC,8006,1,1,28
PC,8006,1,1,28
PC,8006,1,2,21
PC,8006,1,2,21
PC,8006,2,1,26
PC,8006,2,1,26
PC,8006,2,2,21
PC,8006,2,2,21
PC,8008,1,1,23
PC,8008,1,2,18
PC,8008,2,1,26
PC,8008,2,2,18
PC,8008,3,1,23
PC,8008,3,2,18
PC,8009,1,1,29
PC,8009,1,2,23
PC,8009,2,1,30
PC,8009,2,2,24
PC,8009,3,1,29
PC,8009,3,2,26
PC,8011,1,1,29
PC,8011,1,2,23
PC,8011,2,1,31
PC,8011,2,2,23
PC,8011,3,1,27
PC,8011,3,2,24
PC,8012,1,1,30
PC,8012,1,1,30
PC,8012,1,2,23
PC,8012,1,2,23
PC,8012,2,1,31
PC,8012,2,2,25
PC,8012,3,1,32
PC,8012,3,2,23
PC,8014,1,1,24
PC,8014,1,2,22
PC,8014,2,1,25
PC,8014,2,2,20
PC,8014,3,1,27
PC,8014,3,2,22
PC,8015,1,1,23
PC,8015,1,2,14
PC,8016,1,1,17
PC,8016,1,2,9
PC,8016,2,1,18
PC,8016,2,2,8
PC,8016,3,1,16
PC,8016,3,2,14
PC,8017,1,1,32
PC,8017,1,2,24
PC,8017,2,1,32
PC,8017,2,2,23
PC,8017,3,1,32
PC,8017,3,2,19
PC,8018,1,1,20
PC,8018,1,2,15
PC,8018,2,1,21
PC,8018,2,2,16
PC,8018,3,1,21
PC,8018,3,2,16
PC,8019,1,1,29
PC,8019,1,2,22
PC,8019,2,1,30
PC,8019,2,2,22
PC,8019,3,1,28
PC,8019,3,2,19
PC,8020,1,1,18
PC,8020,1,2,13
PC,8020,2,1,20
PC,8020,2,2,14
PC,8020,3,1,18
PC,8020,3,2,13
PC,8021,1,1,22
PC,8021,1,2,18
PC,8021,2,1,21
PC,8021,2,2,19
PC,8022,1,1,17
PC,8022,1,2,22
PC,8022,2,1,27
PC,8022,2,2,24
PC,8023,1,1,24
PC,8023,1,2,20
PC,8023,2,1,27
PC,8023,2,2,14
PC,8024,1,1,22
PC,8024,1,2,22
PC,8024,2,1,23
PC,8024,2,2,17
PC,8026,1,1,23
PC,8026,1,2,18
PC,8026,2,1,29
PC,8026,2,2,20
PC,8026,3,1,24
PC,8026,3,2,23
PC,8027,1,1,23
PC,8027,1,2,18
PC,8027,2,1,26
PC,8027,2,2,20
PC,8030,1,1,31
PC,8030,1,2,16
PC,8030,2,1,24
PC,8030,2,2,20
PC,8030,3,1,26
PC,8030,3,2,21
PC,8031,1,1,25
PC,8031,1,2,20
PC,8031,2,1,25
PC,8031,2,2,23
PC,8031,3,1,28
PC,8031,3,2,22
PC,8032,1,1,24
PC,8032,1,2,20
PC,8032,2,1,24
PC,8032,2,2,20
PC,8032,3,1,25
PC,8032,3,2,19
PC,8034,1,1,25
PC,8034,1,2,20
PC,8035,1,1,25
PC,8035,1,2,21
PC,8035,2,1,24
PC,8035,2,2,20
PC,8035,3,1,25
PC,8035,3,2,20
PC,8036,1,1,17
PC,8036,1,2,15
PC,8036,2,1,18
PC,8036,2,2,15
PC,8036,3,1,17
PC,8036,3,2,13
PC,8037,1,1,27
PC,8037,1,2,23
PC,8037,2,1,24
PC,8037,2,2,20
PC,8037,3,1,21
PC,8037,3,2,20
PC,8038,1,1,34
PC,8038,1,2,24
PC,8038,2,1,31
PC,8038,2,2,24
PC,8038,3,1,30
PC,8038,3,2,24
PC,8039,1,1,31
PC,8039,1,2,24
PC,8039,2,1,29
PC,8039,2,2,24
PC,8039,3,1,31
PC,8039,3,2,26
PC,8040,1,1,23
PC,8040,1,2,15
PC,8040,2,1,24
PC,8040,2,2,19
PC,8040,3,1,23
PC,8040,3,2,16
PC,8042,1,1,24
PC,8042,1,2,14
PC,8046,1,1,21
PC,8046,1,2,17
PC,8046,2,1,24
PC,8046,2,2,21
PC,8046,3,1,22
PC,8046,3,2,15
PC,8047,1,1,26
PC,8047,1,2,21
PC,8047,2,1,28
PC,8047,2,2,21
PC,8047,3,1,26
PC,8047,3,2,22
PC,8048,1,1,28
PC,8048,1,2,24
PC,8048,2,1,22
PC,8048,2,2,21
PC,8048,3,1,27
PC,8048,3,2,23
PC,8050,1,1,29
PC,8050,1,2,20
PC,8050,2,1,29
PC,8050,2,2,22
PC,8051,1,1,26
PC,8051,1,2,25
PC,8051,2,1,22
PC,8051,2,2,14
PC,8051,3,1,26
PC,8051,3,2,23
PC,8052,1,1,22
PC,8052,1,2,17
PC,8052,2,1,26
PC,8052,2,2,21
PC,8052,3,1,27
PC,8052,3,2,20
PC,8053,1,1,28
PC,8053,1,2,21
PC,8053,2,1,27
PC,8053,2,2,22
PC,8053,nan,1,29
PC,8053,nan,2,22
PC,8054,1,1,24
PC,8054,1,2,18
PC,8054,2,1,22
PC,8054,2,2,16
PC,8056,1,1,24
PC,8056,1,2,20
PC,8056,2,1,32
PC,8056,2,2,24
PC,8056,3,1,29
PC,8056,3,2,23
PC,8058,1,1,32
PC,8058,1,2,22
PC,8058,2,1,36
PC,8058,2,2,23
PC,8060,1,1,22
PC,8060,1,2,20
PC,8060,2,1,31
PC,8060,2,2,23
PC,8060,3,1,29
PC,8060,3,2,20
PC,8061,1,1,28
PC,8061,1,2,25
PC,8062,1,1,24
PC,8062,1,2,16
PC,8062,2,1,28
PC,8062,2,2,19
PC,8063,1,1,25
PC,8063,1,2,19
PC,8063,2,1,30
PC,8063,2,2,21
PC,8063,nan,1,28
PC,8063,nan,2,19
PC,8064,1,1,25
PC,8064,1,2,20
PC,8064,2,1,24
PC,8064,2,2,19
PC,8065,1,1,26
PC,8065,1,2,19
PC,8065,2,1,26
PC,8065,2,2,18
PC,8065,nan,1,27
PC,8065,nan,2,22
PC,8066,2,1,22
PC,8066,2,2,16
PC,8066,3,1,25
PC,8066,3,2,19
PC,8067,1,1,21
PC,8067,1,2,21
PC,8068,1,1,20
PC,8068,1,2,14
PC,8068,2,1,21
PC,8068,2,2,15
PC,8068,nan,1,19
PC,8068,nan,2,13
PC,8069,1,1,25
PC,8069,1,2,16
PC,8069,2,1,24
PC,8069,2,2,16
PC,8069,nan,1,25
PC,8069,nan,2,19
PC,8070,1,1,29
PC,8070,1,2,23
PC,8070,2,1,24
PC,8070,2,2,22
PC,8070,nan,1,28
PC,8070,nan,2,21
PC,8072,1,1,19
PC,8072,1,2,15
PC,8072,2,1,30
PC,8072,2,2,21
PC,8073,2,1,28
PC,8073,2,2,23
PC,8073,3,1,28
PC,8073,3,2,23
PC,8073,nan,1,31
PC,8073,nan,2,25
PC,8074,1,1,23
PC,8074,1,2,14
PC,8074,2,1,26
PC,8074,2,2,21
PC,8074,nan,1,28
PC,8074,nan,2,17
PC,8075,1,1,27
PC,8075,1,2,23
PC,8075,3,1,30
PC,8075,3,2,20
PC,8075,nan,1,31
PC,8075,nan,2,22
PC,8076,1,1,24
PC,8076,1,2,19
PC,8076,2,1,27
PC,8076,2,2,21
PC,8076,3,1,22
PC,8076,3,2,20
PC,8078,1,1,22
PC,8078,1,2,17
PC,8078,2,1,18
PC,8078,2,2,19
PC,8078,3,1,19
PC,8078,3,2,16
PC,8079,1,1,23
PC,8079,1,2,19
PC,8079,2,1,25
PC,8079,2,2,21
PC,8079,3,1,24
PC,8079,3,2,15
PC,8080,1,1,26
PC,8080,1,2,20
PC,8080,2,1,26
PC,8080,2,2,20
PC,8080,3,1,23
PC,8080,3,2,22
PC,8081,1,1,30
PC,8081,1,2,25
PC,8081,2,1,27
PC,8081,2,2,20
PC,8083,1,1,24
PC,8083,1,2,16
PC,8083,3,1,27
PC,8083,3,2,20
PC,8083,nan,1,23
PC,8083,nan,2,20
PC,8084,1,1,24
PC,8084,1,2,16
PC,8084,2,1,25
PC,8084,2,2,17
PC,8084,3,1,25
PC,8084,3,2,17
PC,8085,1,1,24
PC,8085,1,2,19
PC,8085,2,1,26
PC,8085,2,2,20
PC,8087,1,1,28
PC,8087,1,2,25
PC,8087,2,1,27
PC,8087,2,2,25
PC,8087,3,1,32
PC,8087,3,2,24
PC,8088,1,1,22
PC,8088,1,2,20
PC,8088,2,1,20
PC,8088,2,2,17
PC,8088,3,1,21
PC,8088,3,2,17
PC,8090,1,1,24
PC,8090,1,2,18
PC,8092,1,1,21
PC,8092,1,2,21
PC,8092,3,1,20
PC,8092,3,2,15
PC,8092,nan,1,22
PC,8092,nan,2,14
PC,8093,1,1,21
PC,8093,1,2,15
PC,8094,1,1,28
PC,8094,1,2,18
PC,8094,2,1,24
PC,8094,2,2,19
PC,8094,3,1,24
PC,8094,3,2,20
PC,8095,1,1,29
PC,8095,1,2,18
PC,8096,1,1,27
PC,8096,1,2,23
PC,8096,2,1,29
PC,8096,2,2,24
PC,8096,3,1,32
PC,8096,3,2,25
PC,8098,1,1,21
PC,8098,1,2,15
PC,8098,2,1,23
PC,8098,2,2,15
PC,8099,1,1,30
PC,8099,1,2,21
PC,8099,2,1,21
PC,8099,2,2,14
PC,8100,1,1,26
PC,8100,1,2,23
PC,8100,2,1,19
PC,8100,2,2,17
PC,8101,1,1,21
PC,8101,1,2,18
PC,8102,1,1,24
PC,8102,1,2,22
PC,8102,2,1,30
PC,8102,2,2,21
PC,8103,1,1,21
PC,8103,1,2,16
PC,8103,2,1,24
PC,8103,2,2,21
PC,8104,1,1,26
PC,8104,1,2,18
PC,8104,2,1,25
PC,8104,2,2,22
PC,8106,1,1,28
PC,8106,1,2,19
PC,8106,2,1,29
PC,8106,2,2,23
PC,8107,1,1,22
PC,8107,1,2,18
PC,8107,3,1,23
PC,8107,3,2,18
PC,8108,1,1,27
PC,8108,1,2,20
PC,8108,2,1,22
PC,8108,2,2,20
PC,8111,1,1,25
PC,8111,1,2,20
PC,8112,1,1,30
PC,8112,1,2,25
PC,8113,1,1,24
PC,8113,1,2,19
PC,8114,1,1,31
PC,8114,1,2,25
PC,8114,2,1,31
PC,8114,2,2,25
PC,8115,1,1,28
PC,8115,1,2,19
PC,8116,1,1,26
PC,8116,1,2,21
PC,8116,2,1,30
PC,8116,2,2,23
PC,8118,1,1,27
PC,8118,1,2,20
PC,8119,1,1,24
PC,8119,1,2,20
PC,8120,1,1,18
PC,8120,1,2,12
PC,8120,2,1,18
PC,8120,2,2,14
PC,8121,1,1,29
PC,8121,1,2,20
PC,8121,2,1,29
PC,8121,2,2,24
PC,8123,1,1,21
PC,8123,1,2,20
PC,8124,1,1,26
PC,8124,1,2,19
PC,8125,1,1,25
PC,8125,1,2,19
PC,8126,1,1,28
PC,8126,1,2,24
PC,8127,1,1,24
PC,8127,1,2,17
PC,8128,1,1,31
PC,8128,1,2,25
PC,8130,1,1,31
PC,8130,1,2,22
PC,8131,1,1,23
PC,8131,1,2,17
PC,8132,1,1,31
PC,8132,1,2,22
PC,8136,1,1,29
PC,8136,1,2,24
PC,8138,1,1,23
PC,8138,1,2,18
PC,8139,1,1,25
PC,8139,1,2,21
PC,8140,1,1,28
PC,8140,1,2,21
PC,8145,1,1,23
PC,8145,1,2,17
PC,8146,1,1,25
PC,8146,1,2,17
PC,8149,1,1,28
PC,8149,1,2,22
PC,9002,1,1,26
PC,9002,1,2,18
PC,9002,3,1,21
PC,9002,3,2,15
PC,9003,1,1,26
PC,9003,1,2,21
PC,9003,3,1,23
PC,9003,3,2,19
PC,9004,1,1,23
PC,9004,1,2,18
PC,9005,1,1,27
PC,9005,1,2,20
PC,9005,2,1,23
PC,9005,2,2,19
PC,9005,3,1,21
PC,9005,3,2,16
PC,9007,1,1,24
PC,9007,1,2,19
PC,9008,1,1,22
PC,9008,1,2,19
PC,9009,1,1,29
PC,9009,1,2,22
PC,9009,2,1,28
PC,9009,2,2,23
PC,9009,3,1,28
PC,9009,3,2,21
PC,9010,1,1,28
PC,9010,1,2,24
PC,9010,2,1,31
PC,9010,2,2,21
PC,9010,3,1,30
PC,9010,3,2,23
PC,9011,1,1,33
PC,9011,1,2,25
PC,9013,1,1,26
PC,9013,1,2,22
PC,9013,2,1,30
PC,9013,2,2,23
PC,9013,3,1,29
PC,9013,3,2,22
PC,9014,1,1,29
PC,9014,1,2,22
PC,9015,1,1,25
PC,9015,1,2,21
PC,9015,2,1,26
PC,9015,2,2,21
PC,9015,3,1,30
PC,9015,3,2,23
PC,9017,1,1,27
PC,9017,1,2,20
PC,9017,2,1,26
PC,9017,2,2,22
PC,9017,3,1,26
PC,9017,3,2,19
PC,9018,1,1,28
PC,9018,1,2,23
PC,9019,1,1,30
PC,9019,1,2,15
PC,9019,2,1,26
PC,9019,2,2,21
PC,9019,3,1,30
PC,9019,3,2,20
PC,9020,1,1,21
PC,9020,1,2,18
PC,9021,1,1,21
PC,9021,1,2,16
PC,9021,2,1,17
PC,9021,2,2,16
PC,9021,3,1,20
PC,9021,3,2,19
PC,9023,1,1,27
PC,9023,1,2,22
PC,9023,2,1,22
PC,9023,2,2,19
PC,9023,3,1,26
PC,9023,3,2,24
PC,9024,1,1,22
PC,9024,1,2,13
PC,9024,2,1,19
PC,9024,2,2,13
PC,9024,3,1,15
PC,9024,3,2,12
PC,9028,1,1,28
PC,9028,1,2,21
PC,9028,2,1,25
PC,9028,2,2,17
PC,9028,3,1,25
PC,9028,3,2,17
PC,9029,1,1,22
PC,9029,1,2,19
PC,9029,2,1,29
PC,9029,2,2,19
PC,9029,3,1,26
PC,9029,3,2,20
PC,9030,1,1,22
PC,9030,1,2,16
PC,9031,1,1,24
PC,9031,1,2,20
PC,9031,2,1,26
PC,9031,2,2,19
PC,9031,3,1,27
PC,9031,3,2,20
PC,9033,1,1,22
PC,9033,1,2,20
PC,9033,2,1,23
PC,9033,2,2,16
PC,9033,3,1,21
PC,9033,3,2,18
PC,9034,1,1,25
PC,9034,1,2,19
PC,9034,2,1,25
PC,9034,2,2,17
PC,9034,3,1,24
PC,9034,3,2,20
PC,9035,1,1,30
PC,9035,1,2,21
PC,9035,2,1,32
PC,9035,2,2,22
PC,9035,3,1,32
PC,9035,3,2,21
PC,9038,1,1,29
PC,9038,1,2,24
PC,9038,3,1,29
PC,9038,3,2,22
PC,9045,1,1,24
PC,9045,1,2,15
PC,9045,2,1,27
PC,9045,2,2,19
PC,9045,3,1,21
PC,9045,3,2,13
PC,9047,1,1,28
PC,9047,1,2,18
PC,9047,2,1,30
PC,9047,2,2,24
PC,9048,1,1,19
PC,9048,1,2,12
PC,9049,1,1,25
PC,9049,1,2,20
PC,9050,1,1,22
PC,9050,1,2,16
PC,9051,1,1,22
PC,9051,1,2,18
PC,9051,2,1,24
PC,9051,2,2,17
PC,9054,1,1,25
PC,9054,1,2,19
PC,9054,2,1,26
PC,9054,2,2,22
PC,9054,3,1,27
PC,9054,3,2,22
PC,9056,1,1,21
PC,9056,1,2,15
PC,9057,1,1,25
PC,9057,1,2,18
PC,9057,2,1,22
PC,9057,2,2,19
PC,9059,1,1,21
PC,9059,1,2,13
PC,9059,2,1,27
PC,9059,2,2,21
PC,9060,1,1,25
PC,9060,1,2,16
PC,9062,1,1,29
PC,9062,1,2,23
PC,9062,2,1,32
PC,9062,2,2,24
PC,9064,1,1,23
PC,9064,1,2,14
PC,9067,1,1,29
PC,9067,1,2,22
PC,9067,2,1,31
PC,9067,2,2,22
PC,9068,1,1,35
PC,9068,1,2,24
PC,9068,2,1,32
PC,9068,2,2,24
PC,9070,1,1,21
PC,9070,1,2,14
PC,9070,2,1,25
PC,9070,2,2,19
PC,9071,1,1,23
PC,9071,1,2,18
PC,9073,1,1,29
PC,9073,1,2,21
PC,9073,2,1,28
PC,9073,2,2,19
PC,9074,1,1,23
PC,9074,1,2,19
PC,9074,2,1,26
PC,9074,2,2,19
PC,9076,1,1,25
PC,9076,1,2,19
PC,9076,2,1,24
PC,9076,2,2,15
PC,9077,1,1,28
PC,9077,1,2,23
PC,9078,1,1,22
PC,9078,1,2,18
PC,9080,1,1,24
PC,9080,1,2,19
PC,9081,1,1,24
PC,9081,1,2,21
PC,9081,2,1,30
PC,9081,2,2,22
PC,9082,1,1,23
PC,9082,1,2,14
PC,9083,1,1,26
PC,9083,1,2,18
PC,9084,1,1,24
PC,9084,1,2,17
PC,9086,1,1,20
PC,9086,1,2,15
PC,9087,1,1,26
PC,9087,1,2,22
PC,9088,1,1,33
PC,9088,1,2,23
PC,9090,1,1,24
PC,9090,1,2,16
PC,9092,1,1,21
PC,9092,1,2,12
PC,9093,1,1,25
PC,9093,1,2,21
PC,9094,1,1,26
PC,9094,1,2,21
PC,9999,1,1,28
PC,9999,1,2,21
PC,9999,nan,1,34
PC,9999,nan,2,24
PC,PC,,1,31
PC,PC,,2,25
