acc_sum,block,block_c,block_cond,con_img,correct,correct_response,datetime,endtime,face,jitter,line,project,response,response_time,row_sel,session_number,start_end,starttime,subject_id,task,task_vers,trial
0,prac,1,A,haborder.png,0,z,Thu Apr 09 2026 14:52:09 GMT-0500 (Central Daylight Time),70471.29999995232,CFD-WF-019-015-A.jpg,1000,solid,O,,1501,12,1,3282.6999999284744,67188.60000002384,7785,ATS,A,1
1,prac,1,A,haborder.png,1,m,Thu Apr 09 2026 14:52:09 GMT-0500 (Central Daylight Time),74320.0,CFD-WM-006-013-HC.jpg,1700,solid,O,m,1350,9,1,7131.399999976158,67188.60000002384,7785,ATS,A,2
1,prac,1,A,haborder.png,0,m,Thu Apr 09 2026 14:52:09 GMT-0500 (Central Daylight Time),78319.5,CFD-BM-017-052-HC.jpg,1700,solid,O,,1510,1,1,11130.899999976158,67188.60000002384,7785,ATS,A,3
2,prac,1,A,haborder.png,1,z,Thu Apr 09 2026 14:52:09 GMT-0500 (Central Daylight Time),81918.39999997616,CFD-WF-003-014-A.jpg,1600,solid,O,z,1216,10,1,14729.799999952316,67188.60000002384,7785,ATS,A,4
3,prac,1,A,haborder.png,1,z,Thu Apr 09 2026 14:52:09 GMT-0500 (Central Daylight Time),84399.79999995232,CFD-BF-023-013-A.jpg,1000,solid,O,z,691,4,1,17211.199999928474,67188.60000002384,7785,ATS,A,5
3,prac,1,A,haborder.png,0,m,Thu Apr 09 2026 14:52:09 GMT-0500 (Central Daylight Time),88182.89999997616,CFD-BM-029-026-HC.jpg,1500,solid,O,,1515,3,1,20994.29999995232,67188.60000002384,7785,ATS,A,6
3,prac,1,A,haborder.png,0,m,Thu Apr 09 2026 14:52:09 GMT-0500 (Central Daylight Time),91980.89999997616,CFD-WF-017-016-HC.jpg,1500,solid,O,,1517,11,1,24792.29999995232,67188.60000002384,7785,ATS,A,7
4,prac,1,A,haborder.png,1,z,Thu Apr 09 2026 14:52:09 GMT-0500 (Central Daylight Time),94863.79999995232,CFD-BF-039-039-A.jpg,1200,solid,O,z,891,6,1,27675.199999928474,67188.60000002384,7785,ATS,A,8
4,prac,1,A,haborder.png,0,m,Thu Apr 09 2026 14:52:09 GMT-0500 (Central Daylight Time),99162.0,CFD-BF-028-020-HC.jpg,2000,solid,O,,1513,5,1,31973.39999997616,67188.60000002384,7785,ATS,A,9
5,prac,1,A,haborder.png,1,z,Thu Apr 09 2026 14:52:09 GMT-0500 (Central Daylight Time),102377.39999997616,CFD-BM-005-010-A.jpg,1600,solid,O,z,822,2,1,35188.79999995232,67188.60000002384,7785,ATS,A,10
6,prac,1,A,haborder.png,1,m,Thu Apr 09 2026 14:52:09 GMT-0500 (Central Daylight Time),105343.5,CFD-WM-004-005-HC.jpg,1400,solid,O,m,776,7,1,38154.89999997616,67188.60000002384,7785,ATS,A,11
6,prac,1,A,haborder.png,0,z,Thu Apr 09 2026 14:52:09 GMT-0500 (Central Daylight Time),109142.89999997616,CFD-WM-013-015-A.jpg,1900,solid,O,m,1100,8,1,41954.29999995232,67188.60000002384,7785,ATS,A,12
0,prac,2,A,haborder.png,0,z,Thu Apr 09 2026 14:52:09 GMT-0500 (Central Daylight Time),123053.70000004768,CFD-BF-023-013-A.jpg,1000,solid,O,,1516,4,1,55865.10000002384,67188.60000002384,7785,ATS,A,1
1,prac,2,A,haborder.png,1,m,Thu Apr 09 2026 14:52:09 GMT-0500 (Central Daylight Time),126204.79999995232,CFD-WM-004-005-HC.jpg,1400,solid,O,m,977,7,1,59016.19999992848,67188.60000002384,7785,ATS,A,2
2,prac,2,A,haborder.png,1,m,Thu Apr 09 2026 14:52:09 GMT-0500 (Central Daylight Time),129403.70000004768,CFD-BM-017-052-HC.jpg,1700,solid,O,m,720,1,1,62215.10000002384,67188.60000002384,7785,ATS,A,3
3,prac,2,A,haborder.png,1,m,Thu Apr 09 2026 14:52:09 GMT-0500 (Central Daylight Time),132934.60000002384,CFD-BF-028-020-HC.jpg,2000,solid,O,m,720,5,1,65746.0,67188.60000002384,7785,ATS,A,4
4,prac,2,A,haborder.png,1,z,Thu Apr 09 2026 14:52:09 GMT-0500 (Central Daylight Time),135400.20000004768,CFD-WF-019-015-A.jpg,1000,solid,O,z,663,12,1,68211.60000002384,67188.60000002384,7785,ATS,A,5
5,prac,2,A,haborder.png,1,z,Thu Apr 09 2026 14:52:09 GMT-0500 (Central Daylight Time),139101.70000004768,CFD-WM-013-015-A.jpg,1900,solid,O,z,1002,8,1,71913.10000002384,67188.60000002384,7785,ATS,A,6
6,prac,2,A,haborder.png,1,z,Thu Apr 09 2026 14:52:09 GMT-0500 (Central Daylight Time),141899.60000002384,CFD-BF-039-039-A.jpg,1200,solid,O,z,815,6,1,74711.0,67188.60000002384,7785,ATS,A,7
7,prac,2,A,haborder.png,1,m,Thu Apr 09 2026 14:52:09 GMT-0500 (Central Daylight Time),144897.60000002384,CFD-WF-017-016-HC.jpg,1500,solid,O,m,704,11,1,77709.0,67188.60000002384,7785,ATS,A,8
8,prac,2,A,haborder.png,1,z,Thu Apr 09 2026 14:52:09 GMT-0500 (Central Daylight Time),147846.20000004768,CFD-BM-005-010-A.jpg,1600,solid,O,z,559,2,1,80657.60000002384,67188.60000002384,7785,ATS,A,9
9,prac,2,A,haborder.png,1,z,Thu Apr 09 2026 14:52:09 GMT-0500 (Central Daylight Time),150896.70000004768,CFD-WF-003-014-A.jpg,1600,solid,O,z,672,10,1,83708.10000002384,67188.60000002384,7785,ATS,A,10
10,prac,2,A,haborder.png,1,m,Thu Apr 09 2026 14:52:09 GMT-0500 (Central Daylight Time),153928.20000004768,CFD-BM-029-026-HC.jpg,1500,solid,O,m,757,3,1,86739.60000002384,67188.60000002384,7785,ATS,A,11
11,prac,2,A,haborder.png,1,m,Thu Apr 09 2026 14:52:09 GMT-0500 (Central Daylight Time),157043.79999995232,CFD-WM-006-013-HC.jpg,1700,solid,O,m,620,9,1,89855.19999992847,67188.60000002384,7785,ATS,A,12
0,prac,1,B,mfborder.png,0,z,Thu Apr 09 2026 14:52:09 GMT-0500 (Central Daylight Time),185133.89999997616,CFD-WF-003-014-A.jpg,1500,dash,O,,1515,11,1,3796.100000023842,181337.79999995232,7785,ATS,A,1
1,prac,1,B,mfborder.png,1,z,Thu Apr 09 2026 14:52:09 GMT-0500 (Central Daylight Time),188634.29999995232,CFD-WF-002-008-HC.jpg,1900,dash,O,z,805,8,1,7296.5,181337.79999995232,7785,ATS,A,2
2,prac,1,B,mfborder.png,1,m,Thu Apr 09 2026 14:52:09 GMT-0500 (Central Daylight Time),191833.60000002384,CFD-BM-010-019-A.jpg,1600,dash,O,m,808,2,1,10495.800000071526,181337.79999995232,7785,ATS,A,3
2,prac,1,B,mfborder.png,0,z,Thu Apr 09 2026 14:52:09 GMT-0500 (Central Daylight Time),194381.39999997616,CFD-WF-017-016-HC.jpg,1000,dash,O,m,759,12,1,13043.600000023842,181337.79999995232,7785,ATS,A,4
3,prac,1,B,mfborder.png,1,m,Thu Apr 09 2026 14:52:09 GMT-0500 (Central Daylight Time),197963.89999997616,CFD-WM-013-015-A.jpg,1700,dash,O,m,1087,9,1,16626.100000023842,181337.79999995232,7785,ATS,A,5
4,prac,1,B,mfborder.png,1,z,Thu Apr 09 2026 14:52:09 GMT-0500 (Central Daylight Time),201278.29999995232,CFD-BF-028-020-HC.jpg,1400,dash,O,z,1117,7,1,19940.5,181337.79999995232,7785,ATS,A,6
5,prac,1,B,mfborder.png,1,z,Thu Apr 09 2026 14:52:09 GMT-0500 (Central Daylight Time),204195.0,CFD-BF-010-005-HC.jpg,1500,dash,O,z,630,3,1,22857.200000047684,181337.79999995232,7785,ATS,A,7
6,prac,1,B,mfborder.png,1,z,Thu Apr 09 2026 14:52:09 GMT-0500 (Central Daylight Time),206611.89999997616,CFD-BF-023-013-A.jpg,1000,dash,O,z,645,4,1,25274.10000002384,181337.79999995232,7785,ATS,A,8
7,prac,1,B,mfborder.png,1,m,Thu Apr 09 2026 14:52:09 GMT-0500 (Central Daylight Time),209161.79999995232,CFD-WM-019-013-A.jpg,1200,dash,O,m,558,6,1,27824.0,181337.79999995232,7785,ATS,A,9
8,prac,1,B,mfborder.png,1,m,Thu Apr 09 2026 14:52:09 GMT-0500 (Central Daylight Time),212492.79999995232,CFD-WM-006-013-HC.jpg,1600,dash,O,m,936,10,1,31155.0,181337.79999995232,7785,ATS,A,10
9,prac,1,B,mfborder.png,1,m,Thu Apr 09 2026 14:52:09 GMT-0500 (Central Daylight Time),216108.60000002384,CFD-BM-005-010-A.jpg,2000,dash,O,m,820,5,1,34770.800000071526,181337.79999995232,7785,ATS,A,11
10,prac,1,B,mfborder.png,1,m,Thu Apr 09 2026 14:52:09 GMT-0500 (Central Daylight Time),219540.79999995232,CFD-BM-029-026-HC.jpg,1700,dash,O,m,947,1,1,38203.0,181337.79999995232,7785,ATS,A,12
0,test,1,A,haborder.png,0,z,Thu Apr 09 2026 14:52:09 GMT-0500 (Central Daylight Time),235400.70000004768,CFD-BF-023-013-A.jpg,1000,solid,O,m,1106,4,1,2130.9000000953674,233269.79999995232,7785,ATS,A,1
1,test,1,A,haborder.png,1,z,Thu Apr 09 2026 14:52:09 GMT-0500 (Central Daylight Time),237969.5,CFD-WF-003-014-A.jpg,1600,solid,O,z,951,10,1,4699.700000047684,233269.79999995232,7785,ATS,A,2
2,test,1,A,haborder.png,1,m,Thu Apr 09 2026 14:52:09 GMT-0500 (Central Daylight Time),240550.20000004768,CFD-BM-017-052-HC.jpg,1700,solid,O,m,860,1,1,7280.400000095367,233269.79999995232,7785,ATS,A,3
2,test,1,A,haborder.png,0,z,Thu Apr 09 2026 14:52:09 GMT-0500 (Central Daylight Time),243315.29999995232,CFD-WM-013-015-A.jpg,1900,solid,O,m,838,8,1,10045.5,233269.79999995232,7785,ATS,A,4
3,test,1,A,haborder.png,1,z,Thu Apr 09 2026 14:52:09 GMT-0500 (Central Daylight Time),245448.70000004768,CFD-BF-039-039-A.jpg,1200,solid,O,z,901,6,1,12178.900000095367,233269.79999995232,7785,ATS,A,5
4,test,1,A,haborder.png,1,z,Thu Apr 09 2026 14:52:09 GMT-0500 (Central Daylight Time),247698.0,CFD-BM-005-010-A.jpg,1600,solid,O,z,624,2,1,14428.200000047684,233269.79999995232,7785,ATS,A,6
5,test,1,A,haborder.png,1,m,Thu Apr 09 2026 14:52:09 GMT-0500 (Central Daylight Time),250480.0,CFD-BF-028-020-HC.jpg,2000,solid,O,m,749,5,1,17210.200000047684,233269.79999995232,7785,ATS,A,7
6,test,1,A,haborder.png,1,m,Thu Apr 09 2026 14:52:09 GMT-0500 (Central Daylight Time),252895.70000004768,CFD-BM-029-026-HC.jpg,1500,solid,O,m,885,3,1,19625.900000095367,233269.79999995232,7785,ATS,A,8
6,test,1,A,haborder.png,0,z,Thu Apr 09 2026 14:52:09 GMT-0500 (Central Daylight Time),255895.70000004768,CFD-WM-013-015-A.jpg,1900,solid,O,m,1068,8,1,22625.900000095367,233269.79999995232,7785,ATS,A,9
7,test,1,A,haborder.png,1,m,Thu Apr 09 2026 14:52:09 GMT-0500 (Central Daylight Time),258044.20000004768,CFD-WF-017-016-HC.jpg,1500,solid,O,m,629,11,1,24774.400000095367,233269.79999995232,7785,ATS,A,10
8,test,1,A,haborder.png,1,m,Thu Apr 09 2026 14:52:09 GMT-0500 (Central Daylight Time),260076.89999997616,CFD-WF-017-016-HC.jpg,1500,solid,O,m,511,11,1,26807.10000002384,233269.79999995232,7785,ATS,A,11
9,test,1,A,haborder.png,1,m,Thu Apr 09 2026 14:52:09 GMT-0500 (Central Daylight Time),262610.0,CFD-WM-006-013-HC.jpg,1700,solid,O,m,808,9,1,29340.200000047684,233269.79999995232,7785,ATS,A,12
10,test,1,A,haborder.png,1,m,Thu Apr 09 2026 14:52:09 GMT-0500 (Central Daylight Time),264873.7999999523,CFD-WM-006-013-HC.jpg,1700,solid,O,m,538,9,1,31604.0,233269.79999995232,7785,ATS,A,13
11,test,1,A,haborder.png,1,z,Thu Apr 09 2026 14:52:09 GMT-0500 (Central Daylight Time),267241.60000002384,CFD-BM-005-010-A.jpg,1600,solid,O,z,733,2,1,33971.800000071526,233269.79999995232,7785,ATS,A,14
12,test,1,A,haborder.png,1,z,Thu Apr 09 2026 14:52:09 GMT-0500 (Central Daylight Time),269623.7999999523,CFD-WF-003-014-A.jpg,1600,solid,O,z,758,10,1,36354.0,233269.79999995232,7785,ATS,A,15
13,test,1,A,haborder.png,1,z,Thu Apr 09 2026 14:52:09 GMT-0500 (Central Daylight Time),271474.89999997616,CFD-WF-019-015-A.jpg,1000,solid,O,z,833,12,1,38205.10000002384,233269.79999995232,7785,ATS,A,16
14,test,1,A,haborder.png,1,m,Thu Apr 09 2026 14:52:09 GMT-0500 (Central Daylight Time),273555.2999999523,CFD-WM-004-005-HC.jpg,1400,solid,O,m,648,7,1,40285.5,233269.79999995232,7785,ATS,A,17
15,test,1,A,haborder.png,1,z,Thu Apr 09 2026 14:52:09 GMT-0500 (Central Daylight Time),275290.10000002384,CFD-BF-023-013-A.jpg,1000,solid,O,z,717,4,1,42020.300000071526,233269.79999995232,7785,ATS,A,18
16,test,1,A,haborder.png,1,m,Thu Apr 09 2026 14:52:09 GMT-0500 (Central Daylight Time),277705.2999999523,CFD-BM-029-026-HC.jpg,1500,solid,O,m,891,3,1,44435.5,233269.79999995232,7785,ATS,A,19
17,test,1,A,haborder.png,1,z,Thu Apr 09 2026 14:52:09 GMT-0500 (Central Daylight Time),279704.2000000477,CFD-BF-039-039-A.jpg,1200,solid,O,z,775,6,1,46434.40000009537,233269.79999995232,7785,ATS,A,20
18,test,1,A,haborder.png,1,z,Thu Apr 09 2026 14:52:09 GMT-0500 (Central Daylight Time),281786.39999997616,CFD-WF-019-015-A.jpg,1000,solid,O,z,1065,12,1,48516.60000002384,233269.79999995232,7785,ATS,A,21
19,test,1,A,haborder.png,1,m,Thu Apr 09 2026 14:52:09 GMT-0500 (Central Daylight Time),284318.7000000477,CFD-BM-017-052-HC.jpg,1700,solid,O,m,809,1,1,51048.90000009537,233269.79999995232,7785,ATS,A,22
20,test,1,A,haborder.png,1,m,Thu Apr 09 2026 14:52:09 GMT-0500 (Central Daylight Time),287002.0,CFD-BF-028-020-HC.jpg,2000,solid,O,m,658,5,1,53732.20000004768,233269.79999995232,7785,ATS,A,23
21,test,1,A,haborder.png,1,m,Thu Apr 09 2026 14:52:09 GMT-0500 (Central Daylight Time),289150.7000000477,CFD-WM-004-005-HC.jpg,1400,solid,O,m,720,7,1,55880.90000009537,233269.79999995232,7785,ATS,A,24
1,test,1,B,mfborder.png,1,m,Thu Apr 09 2026 14:52:09 GMT-0500 (Central Daylight Time),301831.5,CFD-WM-019-013-A.jpg,1200,dash,O,m,944,6,1,2165.899999976158,299665.60000002384,7785,ATS,A,1
2,test,1,B,mfborder.png,1,m,Thu Apr 09 2026 14:52:09 GMT-0500 (Central Daylight Time),304212.60000002384,CFD-WM-013-015-A.jpg,1700,dash,O,m,662,9,1,4547.0,299665.60000002384,7785,ATS,A,2
3,test,1,B,mfborder.png,1,z,Thu Apr 09 2026 14:52:09 GMT-0500 (Central Daylight Time),306296.89999997616,CFD-WF-017-016-HC.jpg,1000,dash,O,z,1057,12,1,6631.299999952316,299665.60000002384,7785,ATS,A,3
4,test,1,B,mfborder.png,1,m,Thu Apr 09 2026 14:52:09 GMT-0500 (Central Daylight Time),309060.7000000477,CFD-BM-005-010-A.jpg,2000,dash,O,m,744,5,1,9395.100000023842,299665.60000002384,7785,ATS,A,4
4,test,1,B,mfborder.png,0,m,Thu Apr 09 2026 14:52:09 GMT-0500 (Central Daylight Time),311293.89999997616,CFD-BM-010-019-A.jpg,1600,dash,O,z,612,2,1,11628.299999952316,299665.60000002384,7785,ATS,A,5
5,test,1,B,mfborder.png,1,z,Thu Apr 09 2026 14:52:09 GMT-0500 (Central Daylight Time),313611.10000002384,CFD-BF-023-013-A.jpg,1000,dash,O,z,1298,4,1,13945.5,299665.60000002384,7785,ATS,A,6
5,test,1,B,mfborder.png,0,z,Thu Apr 09 2026 14:52:09 GMT-0500 (Central Daylight Time),315875.89999997616,CFD-BF-010-005-HC.jpg,1500,dash,O,m,739,3,1,16210.299999952316,299665.60000002384,7785,ATS,A,7
6,test,1,B,mfborder.png,1,m,Thu Apr 09 2026 14:52:09 GMT-0500 (Central Daylight Time),318109.10000002384,CFD-WM-019-013-A.jpg,1200,dash,O,m,1004,6,1,18443.5,299665.60000002384,7785,ATS,A,8
7,test,1,B,mfborder.png,1,m,Thu Apr 09 2026 14:52:09 GMT-0500 (Central Daylight Time),321025.7999999523,CFD-BM-010-019-A.jpg,1600,dash,O,m,1299,2,1,21360.199999928474,299665.60000002384,7785,ATS,A,9
8,test,1,B,mfborder.png,1,z,Thu Apr 09 2026 14:52:09 GMT-0500 (Central Daylight Time),323572.5,CFD-WF-003-014-A.jpg,1500,dash,O,z,1027,11,1,23906.89999997616,299665.60000002384,7785,ATS,A,10
9,test,1,B,mfborder.png,1,m,Thu Apr 09 2026 14:52:09 GMT-0500 (Central Daylight Time),326305.89999997616,CFD-WM-013-015-A.jpg,1700,dash,O,m,1016,9,1,26640.29999995232,299665.60000002384,7785,ATS,A,11
10,test,1,B,mfborder.png,1,m,Thu Apr 09 2026 14:52:09 GMT-0500 (Central Daylight Time),328988.10000002384,CFD-WM-006-013-HC.jpg,1600,dash,O,m,1064,10,1,29322.5,299665.60000002384,7785,ATS,A,12
11,test,1,B,mfborder.png,1,z,Thu Apr 09 2026 14:52:09 GMT-0500 (Central Daylight Time),330887.7999999523,CFD-BF-023-013-A.jpg,1000,dash,O,z,878,4,1,31222.199999928474,299665.60000002384,7785,ATS,A,13
12,test,1,B,mfborder.png,1,m,Thu Apr 09 2026 14:52:09 GMT-0500 (Central Daylight Time),333771.10000002384,CFD-BM-005-010-A.jpg,2000,dash,O,m,865,5,1,34105.5,299665.60000002384,7785,ATS,A,14
13,test,1,B,mfborder.png,1,z,Thu Apr 09 2026 14:52:09 GMT-0500 (Central Daylight Time),335704.2000000477,CFD-WF-017-016-HC.jpg,1000,dash,O,z,917,12,1,36038.60000002384,299665.60000002384,7785,ATS,A,15
14,test,1,B,mfborder.png,1,z,Thu Apr 09 2026 14:52:09 GMT-0500 (Central Daylight Time),338436.5,CFD-BF-028-020-HC.jpg,1400,dash,O,z,1318,7,1,38770.89999997616,299665.60000002384,7785,ATS,A,16
15,test,1,B,mfborder.png,1,m,Thu Apr 09 2026 14:52:09 GMT-0500 (Central Daylight Time),341053.10000002384,CFD-BM-029-026-HC.jpg,1700,dash,O,m,890,1,1,41387.5,299665.60000002384,7785,ATS,A,17
16,test,1,B,mfborder.png,1,z,Thu Apr 09 2026 14:52:09 GMT-0500 (Central Daylight Time),343834.10000002384,CFD-WF-002-008-HC.jpg,1900,dash,O,z,854,8,1,44168.5,299665.60000002384,7785,ATS,A,18
17,test,1,B,mfborder.png,1,m,Thu Apr 09 2026 14:52:09 GMT-0500 (Central Daylight Time),346266.60000002384,CFD-BM-029-026-HC.jpg,1700,dash,O,m,714,1,1,46601.0,299665.60000002384,7785,ATS,A,19
18,test,1,B,mfborder.png,1,z,Thu Apr 09 2026 14:52:09 GMT-0500 (Central Daylight Time),348663.7999999523,CFD-BF-010-005-HC.jpg,1500,dash,O,z,872,3,1,48998.19999992848,299665.60000002384,7785,ATS,A,20
19,test,1,B,mfborder.png,1,m,Thu Apr 09 2026 14:52:09 GMT-0500 (Central Daylight Time),351081.5,CFD-WM-006-013-HC.jpg,1600,dash,O,m,782,10,1,51415.89999997616,299665.60000002384,7785,ATS,A,21
20,test,1,B,mfborder.png,1,z,Thu Apr 09 2026 14:52:09 GMT-0500 (Central Daylight Time),353931.60000002384,CFD-WF-002-008-HC.jpg,1900,dash,O,z,932,8,1,54266.0,299665.60000002384,7785,ATS,A,22
21,test,1,B,mfborder.png,1,z,Thu Apr 09 2026 14:52:09 GMT-0500 (Central Daylight Time),356096.0,CFD-WF-003-014-A.jpg,1500,dash,O,z,640,11,1,56430.39999997616,299665.60000002384,7785,ATS,A,23
22,test,1,B,mfborder.png,1,z,Thu Apr 09 2026 14:52:09 GMT-0500 (Central Daylight Time),358212.2999999523,CFD-BF-028-020-HC.jpg,1400,dash,O,z,682,7,1,58546.69999992848,299665.60000002384,7785,ATS,A,24
0,prac,1,C,haborder.png,0,m,Thu Apr 09 2026 14:52:09 GMT-0500 (Central Daylight Time),406731.0,CFD-BM-029-026-HC.jpg,1500,solid,O,,1519,10,1,3798.299999952316,402932.7000000477,7785,ATS,A,1
1,prac,1,C,mfborder.png,1,m,Thu Apr 09 2026 14:52:09 GMT-0500 (Central Daylight Time),410029.39999997616,CFD-WM-013-015-A.jpg,1700,solid,O,m,800,6,1,7096.699999928474,402932.7000000477,7785,ATS,A,2
1,prac,1,C,mfborder.png,0,m,Thu Apr 09 2026 14:52:09 GMT-0500 (Central Daylight Time),414327.60000002384,CFD-BM-017-052-HC.jpg,2000,solid,O,,1517,4,1,11394.899999976158,402932.7000000477,7785,ATS,A,3
1,prac,1,C,mfborder.png,0,z,Thu Apr 09 2026 14:52:09 GMT-0500 (Central Daylight Time),417610.89999997616,CFD-BF-028-020-HC.jpg,1000,dash,O,,1513,3,1,14678.199999928474,402932.7000000477,7785,ATS,A,4
1,prac,1,C,haborder.png,0,z,Thu Apr 09 2026 14:52:09 GMT-0500 (Central Daylight Time),421443.2000000477,CFD-WF-003-014-A.jpg,1600,dash,O,m,1462,9,1,18510.5,402932.7000000477,7785,ATS,A,5
1,prac,1,C,haborder.png,0,z,Thu Apr 09 2026 14:52:09 GMT-0500 (Central Daylight Time),425641.89999997616,CFD-BF-023-013-A.jpg,1900,dash,O,,1516,7,1,22709.199999928474,402932.7000000477,7785,ATS,A,6
2,prac,1,C,haborder.png,1,m,Thu Apr 09 2026 14:52:09 GMT-0500 (Central Daylight Time),428488.89999997616,CFD-WM-004-005-HC.jpg,1000,dash,O,m,1064,11,1,25556.199999928474,402932.7000000477,7785,ATS,A,7
3,prac,1,C,mfborder.png,1,z,Thu Apr 09 2026 14:52:09 GMT-0500 (Central Daylight Time),431972.89999997616,CFD-WF-019-015-A.jpg,1500,solid,O,z,1185,2,1,29040.199999928474,402932.7000000477,7785,ATS,A,8
4,prac,1,C,haborder.png,1,m,Thu Apr 09 2026 14:52:09 GMT-0500 (Central Daylight Time),435371.7999999523,CFD-WM-004-005-HC.jpg,1400,solid,O,m,1205,12,1,32439.099999904636,402932.7000000477,7785,ATS,A,9
4,prac,1,C,mfborder.png,0,m,Thu Apr 09 2026 14:52:09 GMT-0500 (Central Daylight Time),438137.89999997616,CFD-BM-005-010-A.jpg,1200,dash,O,z,768,5,1,35205.199999928474,402932.7000000477,7785,ATS,A,10
4,prac,1,C,haborder.png,0,z,Thu Apr 09 2026 14:52:09 GMT-0500 (Central Daylight Time),442120.10000002384,CFD-BF-039-039-A.jpg,1700,solid,O,,1515,8,1,39187.39999997616,402932.7000000477,7785,ATS,A,11
4,prac,1,C,mfborder.png,0,z,Thu Apr 09 2026 14:52:09 GMT-0500 (Central Daylight Time),445884.89999997616,CFD-WF-017-016-HC.jpg,1600,dash,O,m,1377,1,1,42952.19999992848,402932.7000000477,7785,ATS,A,12
0,prac,2,C,haborder.png,0,z,Thu Apr 09 2026 14:52:09 GMT-0500 (Central Daylight Time),460062.89999997616,CFD-BF-023-013-A.jpg,1900,dash,O,,1516,7,1,57130.19999992848,402932.7000000477,7785,ATS,A,1
0,prac,2,C,mfborder.png,0,z,Thu Apr 09 2026 14:52:09 GMT-0500 (Central Daylight Time),463960.5,CFD-WF-017-016-HC.jpg,1600,dash,O,,1516,1,1,61027.79999995232,402932.7000000477,7785,ATS,A,2
1,prac,2,C,mfborder.png,1,m,Thu Apr 09 2026 14:52:09 GMT-0500 (Central Daylight Time),466845.7999999523,CFD-BM-005-010-A.jpg,1200,dash,O,m,902,5,1,63913.09999990463,402932.7000000477,7785,ATS,A,3
2,prac,2,C,mfborder.png,1,z,Thu Apr 09 2026 14:52:09 GMT-0500 (Central Daylight Time),470577.10000002384,CFD-WF-019-015-A.jpg,1500,solid,O,z,1449,2,1,67644.39999997616,402932.7000000477,7785,ATS,A,4
3,prac,2,C,mfborder.png,1,z,Thu Apr 09 2026 14:52:09 GMT-0500 (Central Daylight Time),473159.89999997616,CFD-BF-028-020-HC.jpg,1000,dash,O,z,808,3,1,70227.19999992847,402932.7000000477,7785,ATS,A,5
4,prac,2,C,mfborder.png,1,m,Thu Apr 09 2026 14:52:09 GMT-0500 (Central Daylight Time),476843.5,CFD-BM-017-052-HC.jpg,2000,solid,O,m,889,4,1,73910.79999995232,402932.7000000477,7785,ATS,A,6
5,prac,2,C,haborder.png,1,z,Thu Apr 09 2026 14:52:09 GMT-0500 (Central Daylight Time),480808.7000000477,CFD-BF-039-039-A.jpg,1700,solid,O,z,1499,8,1,77876.0,402932.7000000477,7785,ATS,A,7
5,prac,2,C,mfborder.png,0,m,Thu Apr 09 2026 14:52:09 GMT-0500 (Central Daylight Time),484341.10000002384,CFD-WM-013-015-A.jpg,1700,solid,O,z,1055,6,1,81408.39999997616,402932.7000000477,7785,ATS,A,8
6,prac,2,C,haborder.png,1,m,Thu Apr 09 2026 14:52:09 GMT-0500 (Central Daylight Time),487720.89999997616,CFD-WM-004-005-HC.jpg,1400,solid,O,m,1190,12,1,84788.19999992847,402932.7000000477,7785,ATS,A,9
7,prac,2,C,haborder.png,1,z,Thu Apr 09 2026 14:52:09 GMT-0500 (Central Daylight Time),490837.60000002384,CFD-WF-003-014-A.jpg,1600,dash,O,z,726,9,1,87904.89999997616,402932.7000000477,7785,ATS,A,10
8,prac,2,C,haborder.png,1,m,Thu Apr 09 2026 14:52:09 GMT-0500 (Central Daylight Time),494034.39999997616,CFD-BM-029-026-HC.jpg,1500,solid,O,m,910,10,1,91101.69999992847,402932.7000000477,7785,ATS,A,11
9,prac,2,C,haborder.png,1,m,Thu Apr 09 2026 14:52:09 GMT-0500 (Central Daylight Time),496485.2000000477,CFD-WM-004-005-HC.jpg,1000,dash,O,m,653,11,1,93552.5,402932.7000000477,7785,ATS,A,12
1,test,1,C,mfborder.png,1,z,Thu Apr 09 2026 14:52:09 GMT-0500 (Central Daylight Time),504883.2000000477,CFD-WF-003-014-A.jpg,1500,dash,O,z,1455,3,1,2979.9000000953674,501903.2999999523,7785,ATS,A,1
1,test,1,C,mfborder.png,0,m,Thu Apr 09 2026 14:52:09 GMT-0500 (Central Daylight Time),508148.10000002384,CFD-WM-019-013-A.jpg,2000,dash,O,z,1237,5,1,6244.800000071526,501903.2999999523,7785,ATS,A,2
1,test,1,C,mfborder.png,0,m,Thu Apr 09 2026 14:52:09 GMT-0500 (Central Daylight Time),509896.7999999523,CFD-WM-006-013-HC.jpg,1000,dash,O,z,716,4,1,7993.5,501903.2999999523,7785,ATS,A,3
1,test,1,C,haborder.png,0,m,Thu Apr 09 2026 14:52:09 GMT-0500 (Central Daylight Time),512930.7999999523,CFD-WF-002-008-HC.jpg,1500,solid,O,,1517,11,1,11027.5,501903.2999999523,7785,ATS,A,4
1,test,1,C,haborder.png,0,z,Thu Apr 09 2026 14:52:09 GMT-0500 (Central Daylight Time),515730.7999999523,CFD-BM-005-010-A.jpg,1900,solid,O,m,874,8,1,13827.5,501903.2999999523,7785,ATS,A,5
1,test,1,C,mfborder.png,0,m,Thu Apr 09 2026 14:52:09 GMT-0500 (Central Daylight Time),518594.39999997616,CFD-WM-019-013-A.jpg,2000,dash,O,z,839,5,1,16691.100000023842,501903.2999999523,7785,ATS,A,6
2,test,1,C,haborder.png,1,m,Thu Apr 09 2026 14:52:09 GMT-0500 (Central Daylight Time),520843.2000000477,CFD-WF-017-016-HC.jpg,1000,solid,O,m,1230,12,1,18939.900000095367,501903.2999999523,7785,ATS,A,7
2,test,1,C,haborder.png,0,z,Thu Apr 09 2026 14:52:09 GMT-0500 (Central Daylight Time),523075.0,CFD-WM-013-015-A.jpg,1400,solid,O,m,811,7,1,21171.700000047684,501903.2999999523,7785,ATS,A,8
2,test,1,C,haborder.png,0,m,Thu Apr 09 2026 14:52:09 GMT-0500 (Central Daylight Time),525593.0,CFD-WF-017-016-HC.jpg,1000,solid,O,,1502,12,1,23689.700000047684,501903.2999999523,7785,ATS,A,9
3,test,1,C,mfborder.png,1,z,Thu Apr 09 2026 14:52:09 GMT-0500 (Central Daylight Time),528473.7999999523,CFD-WF-003-014-A.jpg,1500,dash,O,z,1356,3,1,26570.5,501903.2999999523,7785,ATS,A,10
3,test,1,C,haborder.png,0,m,Thu Apr 09 2026 14:52:09 GMT-0500 (Central Daylight Time),530691.6000000238,CFD-WF-002-008-HC.jpg,1500,solid,O,z,691,11,1,28788.30000007153,501903.2999999523,7785,ATS,A,11
3,test,1,C,haborder.png,0,z,Thu Apr 09 2026 14:52:09 GMT-0500 (Central Daylight Time),533258.2999999523,CFD-BM-005-010-A.jpg,1900,solid,O,m,651,8,1,31355.0,501903.2999999523,7785,ATS,A,12
3,test,1,C,mfborder.png,0,z,Thu Apr 09 2026 14:52:09 GMT-0500 (Central Daylight Time),536056.8999999762,CFD-BF-010-005-HC.jpg,1700,dash,O,m,1067,1,1,34153.60000002384,501903.2999999523,7785,ATS,A,13
4,test,1,C,mfborder.png,1,m,Thu Apr 09 2026 14:52:09 GMT-0500 (Central Daylight Time),537838.2000000477,CFD-WM-006-013-HC.jpg,1000,dash,O,m,760,4,1,35934.90000009537,501903.2999999523,7785,ATS,A,14
5,test,1,C,mfborder.png,1,m,Thu Apr 09 2026 14:52:09 GMT-0500 (Central Daylight Time),540221.5,CFD-BM-029-026-HC.jpg,1200,dash,O,m,1150,6,1,38318.20000004768,501903.2999999523,7785,ATS,A,15
5,test,1,C,mfborder.png,0,z,Thu Apr 09 2026 14:52:09 GMT-0500 (Central Daylight Time),542420.0,CFD-BF-023-013-A.jpg,1600,dash,O,m,571,2,1,40516.70000004768,501903.2999999523,7785,ATS,A,16
5,test,1,C,haborder.png,0,m,Thu Apr 09 2026 14:52:09 GMT-0500 (Central Daylight Time),545203.7000000477,CFD-BF-028-020-HC.jpg,1600,solid,O,z,1167,10,1,43300.40000009537,501903.2999999523,7785,ATS,A,17
5,test,1,C,mfborder.png,0,m,Thu Apr 09 2026 14:52:09 GMT-0500 (Central Daylight Time),547718.2000000477,CFD-BM-029-026-HC.jpg,1200,dash,O,z,1292,6,1,45814.90000009537,501903.2999999523,7785,ATS,A,18
5,test,1,C,haborder.png,0,z,Thu Apr 09 2026 14:52:09 GMT-0500 (Central Daylight Time),550584.5,CFD-BM-010-019-A.jpg,1700,solid,O,m,1133,9,1,48681.20000004768,501903.2999999523,7785,ATS,A,19
5,test,1,C,haborder.png,0,z,Thu Apr 09 2026 14:52:09 GMT-0500 (Central Daylight Time),553485.0,CFD-BM-010-019-A.jpg,1700,solid,O,m,1174,9,1,51581.70000004768,501903.2999999523,7785,ATS,A,20
5,test,1,C,mfborder.png,0,z,Thu Apr 09 2026 14:52:09 GMT-0500 (Central Daylight Time),556601.2999999523,CFD-BF-023-013-A.jpg,1600,dash,O,,1501,2,1,54698.0,501903.2999999523,7785,ATS,A,21
5,test,1,C,haborder.png,0,z,Thu Apr 09 2026 14:52:09 GMT-0500 (Central Daylight Time),558466.5,CFD-WM-013-015-A.jpg,1400,solid,O,m,442,7,1,56563.20000004768,501903.2999999523,7785,ATS,A,22
5,test,1,C,mfborder.png,0,z,Thu Apr 09 2026 14:52:09 GMT-0500 (Central Daylight Time),560798.1000000238,CFD-BF-010-005-HC.jpg,1700,dash,O,m,603,1,1,58894.800000071526,501903.2999999523,7785,ATS,A,23
6,test,1,C,haborder.png,1,m,Thu Apr 09 2026 14:52:09 GMT-0500 (Central Daylight Time),563114.7999999523,CFD-BF-028-020-HC.jpg,1600,solid,O,m,691,10,1,61211.5,501903.2999999523,7785,ATS,A,24
0,test,2,C,mfborder.png,0,z,Thu Apr 09 2026 14:52:09 GMT-0500 (Central Daylight Time),573243.2000000477,CFD-WF-019-015-A.jpg,1600,dash,O,,1516,2,1,3131.8000000715256,570111.3999999762,7785,ATS,A,1
0,test,2,C,haborder.png,0,m,Thu Apr 09 2026 14:52:09 GMT-0500 (Central Daylight Time),576276.7000000477,CFD-WM-004-005-HC.jpg,1500,solid,O,,1517,11,1,6165.300000071526,570111.3999999762,7785,ATS,A,2
1,test,2,C,haborder.png,1,m,Thu Apr 09 2026 14:52:09 GMT-0500 (Central Daylight Time),578009.6000000238,CFD-WM-004-005-HC.jpg,1000,solid,O,m,701,12,1,7898.200000047684,570111.3999999762,7785,ATS,A,3
2,test,2,C,mfborder.png,1,z,Thu Apr 09 2026 14:52:09 GMT-0500 (Central Daylight Time),580691.7000000477,CFD-BF-028-020-HC.jpg,1500,dash,O,z,1165,3,1,10580.300000071526,570111.3999999762,7785,ATS,A,4
3,test,2,C,haborder.png,1,m,Thu Apr 09 2026 14:52:09 GMT-0500 (Central Daylight Time),582941.6000000238,CFD-BM-029-026-HC.jpg,1600,solid,O,m,615,10,1,12830.200000047684,570111.3999999762,7785,ATS,A,5
3,test,2,C,mfborder.png,0,m,Thu Apr 09 2026 14:52:09 GMT-0500 (Central Daylight Time),584690.3999999762,CFD-BM-017-052-HC.jpg,1000,dash,O,z,724,4,1,14579.0,570111.3999999762,7785,ATS,A,6
3,test,2,C,mfborder.png,0,m,Thu Apr 09 2026 14:52:09 GMT-0500 (Central Daylight Time),587422.2999999523,CFD-BM-005-010-A.jpg,2000,dash,O,z,702,5,1,17310.899999976158,570111.3999999762,7785,ATS,A,7
4,test,2,C,haborder.png,1,m,Thu Apr 09 2026 14:52:09 GMT-0500 (Central Daylight Time),588773.0,CFD-WM-004-005-HC.jpg,1000,solid,O,m,320,12,1,18661.60000002384,570111.3999999762,7785,ATS,A,8
5,test,2,C,haborder.png,1,m,Thu Apr 09 2026 14:52:09 GMT-0500 (Central Daylight Time),590871.7999999523,CFD-BM-029-026-HC.jpg,1600,solid,O,m,467,10,1,20760.39999997616,570111.3999999762,7785,ATS,A,9
6,test,2,C,haborder.png,1,m,Thu Apr 09 2026 14:52:09 GMT-0500 (Central Daylight Time),592905.0,CFD-WM-004-005-HC.jpg,1500,solid,O,m,508,11,1,22793.60000002384,570111.3999999762,7785,ATS,A,10
7,test,2,C,haborder.png,1,z,Thu Apr 09 2026 14:52:09 GMT-0500 (Central Daylight Time),595486.0,CFD-WF-003-014-A.jpg,1700,solid,O,z,852,9,1,25374.60000002384,570111.3999999762,7785,ATS,A,11
8,test,2,C,mfborder.png,1,m,Thu Apr 09 2026 14:52:09 GMT-0500 (Central Daylight Time),598753.1000000238,CFD-BM-005-010-A.jpg,2000,dash,O,m,1234,5,1,28641.700000047684,570111.3999999762,7785,ATS,A,12
9,test,2,C,mfborder.png,1,z,Thu Apr 09 2026 14:52:09 GMT-0500 (Central Daylight Time),601668.2999999523,CFD-WF-017-016-HC.jpg,1700,dash,O,z,1187,1,1,31556.89999997616,570111.3999999762,7785,ATS,A,13
10,test,2,C,mfborder.png,1,z,Thu Apr 09 2026 14:52:09 GMT-0500 (Central Daylight Time),603883.2999999523,CFD-BF-028-020-HC.jpg,1500,dash,O,z,688,3,1,33771.89999997616,570111.3999999762,7785,ATS,A,14
11,test,2,C,haborder.png,1,z,Thu Apr 09 2026 14:52:09 GMT-0500 (Central Daylight Time),606766.7000000477,CFD-BF-039-039-A.jpg,1900,solid,O,z,952,8,1,36655.300000071526,570111.3999999762,7785,ATS,A,15
12,test,2,C,haborder.png,1,z,Thu Apr 09 2026 14:52:09 GMT-0500 (Central Daylight Time),609331.5,CFD-BF-023-013-A.jpg,1400,solid,O,z,1146,7,1,39220.10000002384,570111.3999999762,7785,ATS,A,16
13,test,2,C,haborder.png,1,z,Thu Apr 09 2026 14:52:09 GMT-0500 (Central Daylight Time),611897.7999999523,CFD-WF-003-014-A.jpg,1700,solid,O,z,830,9,1,41786.39999997616,570111.3999999762,7785,ATS,A,17
14,test,2,C,mfborder.png,1,m,Thu Apr 09 2026 14:52:09 GMT-0500 (Central Daylight Time),614080.3999999762,CFD-WM-013-015-A.jpg,1200,dash,O,m,958,6,1,43969.0,570111.3999999762,7785,ATS,A,18
15,test,2,C,haborder.png,1,z,Thu Apr 09 2026 14:52:09 GMT-0500 (Central Daylight Time),617146.7000000477,CFD-BF-039-039-A.jpg,1900,solid,O,z,1139,8,1,47035.300000071526,570111.3999999762,7785,ATS,A,19
16,test,2,C,mfborder.png,1,m,Thu Apr 09 2026 14:52:09 GMT-0500 (Central Daylight Time),619245.1000000238,CFD-BM-017-052-HC.jpg,1000,dash,O,m,1070,4,1,49133.70000004768,570111.3999999762,7785,ATS,A,20
17,test,2,C,mfborder.png,1,z,Thu Apr 09 2026 14:52:09 GMT-0500 (Central Daylight Time),621894.7999999523,CFD-WF-019-015-A.jpg,1600,dash,O,z,1027,2,1,51783.39999997616,570111.3999999762,7785,ATS,A,21
18,test,2,C,mfborder.png,1,z,Thu Apr 09 2026 14:52:09 GMT-0500 (Central Daylight Time),624128.2000000477,CFD-WF-017-016-HC.jpg,1700,dash,O,z,511,1,1,54016.800000071526,570111.3999999762,7785,ATS,A,22
19,test,2,C,mfborder.png,1,m,Thu Apr 09 2026 14:52:09 GMT-0500 (Central Daylight Time),626243.2999999523,CFD-WM-013-015-A.jpg,1200,dash,O,m,890,6,1,56131.89999997616,570111.3999999762,7785,ATS,A,23
20,test,2,C,haborder.png,1,z,Thu Apr 09 2026 14:52:09 GMT-0500 (Central Daylight Time),628409.7999999523,CFD-BF-023-013-A.jpg,1400,solid,O,z,740,7,1,58298.39999997616,570111.3999999762,7785,ATS,A,24
0,test,3,C,haborder.png,0,z,Thu Apr 09 2026 14:52:09 GMT-0500 (Central Daylight Time),633291.7000000477,CFD-WM-013-015-A.jpg,1400,solid,O,,1515,7,1,2932.4000000953674,630359.2999999523,7785,ATS,A,1
0,test,3,C,haborder.png,0,z,Thu Apr 09 2026 14:52:09 GMT-0500 (Central Daylight Time),636723.2000000477,CFD-BM-005-010-A.jpg,1900,solid,O,,1516,8,1,6363.900000095367,630359.2999999523,7785,ATS,A,2
0,test,3,C,haborder.png,0,z,Thu Apr 09 2026 14:52:09 GMT-0500 (Central Daylight Time),638956.2000000477,CFD-WM-013-015-A.jpg,1400,solid,O,m,805,7,1,8596.900000095367,630359.2999999523,7785,ATS,A,3
1,test,3,C,mfborder.png,1,m,Thu Apr 09 2026 14:52:09 GMT-0500 (Central Daylight Time),640823.3999999762,CFD-BM-029-026-HC.jpg,1200,dash,O,m,644,6,1,10464.100000023842,630359.2999999523,7785,ATS,A,4
1,test,3,C,haborder.png,0,z,Thu Apr 09 2026 14:52:09 GMT-0500 (Central Daylight Time),643254.2000000477,CFD-BM-010-019-A.jpg,1700,solid,O,m,711,9,1,12894.900000095367,630359.2999999523,7785,ATS,A,5
1,test,3,C,mfborder.png,0,z,Thu Apr 09 2026 14:52:09 GMT-0500 (Central Daylight Time),645103.8999999762,CFD-WF-003-014-A.jpg,1500,dash,O,m,324,3,1,14744.600000023842,630359.2999999523,7785,ATS,A,6
1,test,3,C,mfborder.png,0,m,Thu Apr 09 2026 14:52:09 GMT-0500 (Central Daylight Time),646887.3999999762,CFD-BM-029-026-HC.jpg,1200,dash,O,z,551,6,1,16528.100000023842,630359.2999999523,7785,ATS,A,7
2,test,3,C,mfborder.png,1,m,Thu Apr 09 2026 14:52:09 GMT-0500 (Central Daylight Time),648737.5,CFD-WM-006-013-HC.jpg,1000,dash,O,m,819,4,1,18378.200000047684,630359.2999999523,7785,ATS,A,8
2,test,3,C,mfborder.png,0,z,Thu Apr 09 2026 14:52:09 GMT-0500 (Central Daylight Time),650968.3999999762,CFD-WF-003-014-A.jpg,1500,dash,O,m,699,3,1,20609.10000002384,630359.2999999523,7785,ATS,A,9
2,test,3,C,mfborder.png,0,m,Thu Apr 09 2026 14:52:09 GMT-0500 (Central Daylight Time),653652.8999999762,CFD-WM-019-013-A.jpg,2000,dash,O,z,664,5,1,23293.60000002384,630359.2999999523,7785,ATS,A,10
3,test,3,C,haborder.png,1,m,Thu Apr 09 2026 14:52:09 GMT-0500 (Central Daylight Time),655518.3999999762,CFD-WF-017-016-HC.jpg,1000,solid,O,m,838,12,1,25159.10000002384,630359.2999999523,7785,ATS,A,11
3,test,3,C,haborder.png,0,z,Thu Apr 09 2026 14:52:09 GMT-0500 (Central Daylight Time),657633.6000000238,CFD-BM-005-010-A.jpg,1900,solid,O,m,190,8,1,27274.30000007153,630359.2999999523,7785,ATS,A,12
4,test,3,C,mfborder.png,1,m,Thu Apr 09 2026 14:52:09 GMT-0500 (Central Daylight Time),660633.0,CFD-WM-019-013-A.jpg,2000,dash,O,m,974,5,1,30273.700000047684,630359.2999999523,7785,ATS,A,13
4,test,3,C,haborder.png,0,m,Thu Apr 09 2026 14:52:09 GMT-0500 (Central Daylight Time),661965.7999999523,CFD-WF-017-016-HC.jpg,1000,solid,O,z,310,12,1,31606.5,630359.2999999523,7785,ATS,A,14
4,test,3,C,mfborder.png,0,z,Thu Apr 09 2026 14:52:09 GMT-0500 (Central Daylight Time),664398.1000000238,CFD-BF-023-013-A.jpg,1600,dash,O,m,801,2,1,34038.800000071526,630359.2999999523,7785,ATS,A,15
5,test,3,C,haborder.png,1,m,Thu Apr 09 2026 14:52:09 GMT-0500 (Central Daylight Time),667330.2999999523,CFD-BF-028-020-HC.jpg,1600,solid,O,m,1304,10,1,36971.0,630359.2999999523,7785,ATS,A,16
5,test,3,C,mfborder.png,0,z,Thu Apr 09 2026 14:52:09 GMT-0500 (Central Daylight Time),669530.2999999523,CFD-BF-023-013-A.jpg,1600,dash,O,m,582,2,1,39171.0,630359.2999999523,7785,ATS,A,17
5,test,3,C,mfborder.png,0,z,Thu Apr 09 2026 14:52:09 GMT-0500 (Central Daylight Time),671778.5,CFD-BF-010-005-HC.jpg,1700,dash,O,m,520,1,1,41419.20000004768,630359.2999999523,7785,ATS,A,18
6,test,3,C,haborder.png,1,m,Thu Apr 09 2026 14:52:09 GMT-0500 (Central Daylight Time),673696.7999999523,CFD-WF-002-008-HC.jpg,1500,solid,O,m,384,11,1,43337.5,630359.2999999523,7785,ATS,A,19
6,test,3,C,mfborder.png,0,z,Thu Apr 09 2026 14:52:09 GMT-0500 (Central Daylight Time),676127.6000000238,CFD-BF-010-005-HC.jpg,1700,dash,O,m,708,1,1,45768.300000071526,630359.2999999523,7785,ATS,A,20
7,test,3,C,mfborder.png,1,m,Thu Apr 09 2026 14:52:09 GMT-0500 (Central Daylight Time),677244.1000000238,CFD-WM-006-013-HC.jpg,1000,dash,O,m,89,4,1,46884.800000071526,630359.2999999523,7785,ATS,A,21
8,test,3,C,haborder.png,1,m,Thu Apr 09 2026 14:52:09 GMT-0500 (Central Daylight Time),679043.0,CFD-BF-028-020-HC.jpg,1600,solid,O,m,170,10,1,48683.70000004768,630359.2999999523,7785,ATS,A,22
9,test,3,C,haborder.png,1,m,Thu Apr 09 2026 14:52:09 GMT-0500 (Central Daylight Time),680892.6000000238,CFD-WF-002-008-HC.jpg,1500,solid,O,m,329,11,1,50533.300000071526,630359.2999999523,7785,ATS,A,23
9,test,3,C,haborder.png,0,z,Thu Apr 09 2026 14:52:09 GMT-0500 (Central Daylight Time),683109.3999999762,CFD-BM-010-019-A.jpg,1700,solid,O,m,487,9,1,52750.10000002384,630359.2999999523,7785,ATS,A,24
0,test,4,C,mfborder.png,0,m,Thu Apr 09 2026 14:52:09 GMT-0500 (Central Daylight Time),689092.7999999523,CFD-BM-017-052-HC.jpg,1000,dash,O,,1502,4,1,2519.0,686573.7999999523,7785,ATS,A,1
0,test,4,C,haborder.png,0,z,Thu Apr 09 2026 14:52:09 GMT-0500 (Central Daylight Time),692322.7000000477,CFD-WF-003-014-A.jpg,1700,solid,O,,1515,9,1,5748.900000095367,686573.7999999523,7785,ATS,A,2
0,test,4,C,mfborder.png,0,z,Thu Apr 09 2026 14:52:09 GMT-0500 (Central Daylight Time),695356.2000000477,CFD-BF-028-020-HC.jpg,1500,dash,O,,1516,3,1,8782.400000095367,686573.7999999523,7785,ATS,A,3
0,test,4,C,mfborder.png,0,z,Thu Apr 09 2026 14:52:09 GMT-0500 (Central Daylight Time),698488.0,CFD-WF-019-015-A.jpg,1600,dash,O,,1516,2,1,11914.200000047684,686573.7999999523,7785,ATS,A,4
0,test,4,C,haborder.png,0,m,Thu Apr 09 2026 14:52:09 GMT-0500 (Central Daylight Time),701620.7999999523,CFD-BM-029-026-HC.jpg,1600,solid,O,,1516,10,1,15047.0,686573.7999999523,7785,ATS,A,5
0,test,4,C,haborder.png,0,z,Thu Apr 09 2026 14:52:09 GMT-0500 (Central Daylight Time),704852.6000000238,CFD-WF-003-014-A.jpg,1700,solid,O,,1516,9,1,18278.80000007153,686573.7999999523,7785,ATS,A,6
0,test,4,C,haborder.png,0,m,Thu Apr 09 2026 14:52:09 GMT-0500 (Central Daylight Time),707985.2000000477,CFD-BM-029-026-HC.jpg,1600,solid,O,,1517,10,1,21411.400000095367,686573.7999999523,7785,ATS,A,7
0,test,4,C,mfborder.png,0,m,Thu Apr 09 2026 14:52:09 GMT-0500 (Central Daylight Time),710717.7000000477,CFD-WM-013-015-A.jpg,1200,dash,O,,1516,6,1,24143.900000095367,686573.7999999523,7785,ATS,A,8
0,test,4,C,haborder.png,0,m,Thu Apr 09 2026 14:52:09 GMT-0500 (Central Daylight Time),713749.0,CFD-WM-004-005-HC.jpg,1500,solid,O,,1515,11,1,27175.200000047684,686573.7999999523,7785,ATS,A,9
0,test,4,C,mfborder.png,0,m,Thu Apr 09 2026 14:52:09 GMT-0500 (Central Daylight Time),716282.0,CFD-BM-017-052-HC.jpg,1000,dash,O,,1515,4,1,29708.200000047684,686573.7999999523,7785,ATS,A,10
0,test,4,C,mfborder.png,0,z,Thu Apr 09 2026 14:52:09 GMT-0500 (Central Daylight Time),719513.1000000238,CFD-WF-017-016-HC.jpg,1700,dash,O,,1515,1,1,32939.300000071526,686573.7999999523,7785,ATS,A,11
0,test,4,C,mfborder.png,0,m,Thu Apr 09 2026 14:52:09 GMT-0500 (Central Daylight Time),722230.6000000238,CFD-WM-013-015-A.jpg,1200,dash,O,,1501,6,1,35656.800000071526,686573.7999999523,7785,ATS,A,12
0,test,4,C,haborder.png,0,m,Thu Apr 09 2026 14:52:09 GMT-0500 (Central Daylight Time),724764.2999999523,CFD-WM-004-005-HC.jpg,1000,solid,O,,1518,12,1,38190.5,686573.7999999523,7785,ATS,A,13
0,test,4,C,haborder.png,0,z,Thu Apr 09 2026 14:52:09 GMT-0500 (Central Daylight Time),728193.8999999762,CFD-BF-039-039-A.jpg,1900,solid,O,,1516,8,1,41620.10000002384,686573.7999999523,7785,ATS,A,14
0,test,4,C,haborder.png,0,z,Thu Apr 09 2026 14:52:09 GMT-0500 (Central Daylight Time),731626.1000000238,CFD-BF-039-039-A.jpg,1900,solid,O,,1514,8,1,45052.300000071526,686573.7999999523,7785,ATS,A,15
0,test,4,C,mfborder.png,0,m,Thu Apr 09 2026 14:52:09 GMT-0500 (Central Daylight Time),735158.5,CFD-BM-005-010-A.jpg,2000,dash,O,,1516,5,1,48584.70000004768,686573.7999999523,7785,ATS,A,16
0,test,4,C,mfborder.png,0,z,Thu Apr 09 2026 14:52:09 GMT-0500 (Central Daylight Time),738390.6000000238,CFD-WF-017-016-HC.jpg,1700,dash,O,,1515,1,1,51816.800000071526,686573.7999999523,7785,ATS,A,17
0,test,4,C,mfborder.png,0,m,Thu Apr 09 2026 14:52:09 GMT-0500 (Central Daylight Time),741923.6000000238,CFD-BM-005-010-A.jpg,2000,dash,O,,1514,5,1,55349.800000071526,686573.7999999523,7785,ATS,A,18
0,test,4,C,mfborder.png,0,z,Thu Apr 09 2026 14:52:09 GMT-0500 (Central Daylight Time),744955.3999999762,CFD-BF-028-020-HC.jpg,1500,dash,O,,1515,3,1,58381.60000002384,686573.7999999523,7785,ATS,A,19
0,test,4,C,mfborder.png,0,z,Thu Apr 09 2026 14:52:09 GMT-0500 (Central Daylight Time),748087.5,CFD-WF-019-015-A.jpg,1600,dash,O,,1515,2,1,61513.70000004768,686573.7999999523,7785,ATS,A,20
0,test,4,C,haborder.png,0,z,Thu Apr 09 2026 14:52:09 GMT-0500 (Central Daylight Time),751004.7999999523,CFD-BF-023-013-A.jpg,1400,solid,O,,1501,7,1,64431.0,686573.7999999523,7785,ATS,A,21
0,test,4,C,haborder.png,0,m,Thu Apr 09 2026 14:52:09 GMT-0500 (Central Daylight Time),753537.2000000477,CFD-WM-004-005-HC.jpg,1000,solid,O,,1516,12,1,66963.40000009537,686573.7999999523,7785,ATS,A,22
0,test,4,C,haborder.png,0,m,Thu Apr 09 2026 14:52:09 GMT-0500 (Central Daylight Time),756568.3999999762,CFD-WM-004-005-HC.jpg,1500,solid,O,,1514,11,1,69994.60000002384,686573.7999999523,7785,ATS,A,23
0,test,4,C,haborder.png,0,z,Thu Apr 09 2026 14:52:09 GMT-0500 (Central Daylight Time),759501.6000000238,CFD-BF-023-013-A.jpg,1400,solid,O,,1515,7,1,72927.80000007153,686573.7999999523,7785,ATS,A,24
