acc_sum,block,block_c,condition,correct,correct_response,datetime,endtime,flanker,jitter,project,response,response_test_buffer_response,response_test_target_response,response_time,response_time_test_buffer_response,response_time_test_target_response,row_sel,session_number,start_end,starttime,subject_id,target,task,task_vers,time_test_buffer,time_test_buffer_response,time_test_constants,time_test_flanker,time_test_jitter,time_test_logger,time_test_target,time_test_target_response,time_test_variables,trial
1,prac,1,con,1,m,Fri Jul 24 2026 10:00:40 GMT-0400 (Eastern Daylight Time),95269.69999999925,step,800,I,m,,,1082,,,1,1,3190.699999999255,92079.0,9084,step,AF,C,,,,,,,,,,1
2,prac,1,inc,1,m,Fri Jul 24 2026 10:00:40 GMT-0400 (Eastern Daylight Time),98686.09999999963,brutal,1100,I,m,,,1000,,,8,1,3405.5,95280.59999999963,9084,window,AF,C,,,,,,,,,,2
3,prac,1,inc,1,z,Fri Jul 24 2026 10:00:40 GMT-0400 (Eastern Daylight Time),101919.29999999981,window,1100,I,z,,,831,,,16,1,3222.5,98696.79999999981,9084,temper,AF,C,,,,,,,,,,3
4,prac,1,con,1,m,Fri Jul 24 2026 10:00:40 GMT-0400 (Eastern Daylight Time),105036.09999999963,remote,1000,I,m,,,811,,,7,1,3107.7999999998137,101928.29999999981,9084,remote,AF,C,,,,,,,,,,4
5,prac,1,inc,1,m,Fri Jul 24 2026 10:00:40 GMT-0400 (Eastern Daylight Time),107952.79999999981,kind,900,I,m,,,705,,,2,1,2907.100000000559,105045.69999999925,9084,rock,AF,C,,,,,,,,,,5
6,prac,1,inc,1,z,Fri Jul 24 2026 10:00:40 GMT-0400 (Eastern Daylight Time),110752.59999999963,film,900,I,z,,,588,,,14,1,2789.5,107963.09999999963,9084,hate,AF,C,,,,,,,,,,6
7,prac,1,con,1,m,Fri Jul 24 2026 10:00:40 GMT-0400 (Eastern Daylight Time),113969.29999999981,bell,1000,I,m,,,905,,,3,1,3205.7000000001863,110763.59999999963,9084,bell,AF,C,,,,,,,,,,7
8,prac,1,con,1,z,Fri Jul 24 2026 10:00:40 GMT-0400 (Eastern Daylight Time),117102.69999999925,rage,1000,I,z,,,832,,,15,1,3123.899999999441,113978.79999999981,9084,rage,AF,C,,,,,,,,,,8
9,prac,1,con,1,z,Fri Jul 24 2026 10:00:40 GMT-0400 (Eastern Daylight Time),120219.39999999944,brutal,800,I,z,,,1010,,,13,1,3107.2000000001863,117112.19999999925,9084,brutal,AF,C,,,,,,,,,,9
10,prac,1,con,1,z,Fri Jul 24 2026 10:00:40 GMT-0400 (Eastern Daylight Time),123486.0,love,1000,I,z,,,959,,,11,1,3256.300000000745,120229.69999999925,9084,love,AF,C,,,,,,,,,,10
11,prac,1,con,1,m,Fri Jul 24 2026 10:00:40 GMT-0400 (Eastern Daylight Time),126236.09999999963,jacket,800,I,m,,,635,,,5,1,2740.2999999998137,123495.79999999981,9084,jacket,AF,C,,,,,,,,,,11
12,prac,1,inc,1,z,Fri Jul 24 2026 10:00:40 GMT-0400 (Eastern Daylight Time),129436.09999999963,napkin,1100,I,z,,,802,,,12,1,3191.0999999996275,126245.0,9084,friend,AF,C,,,,,,,,,,12
13,prac,1,inc,1,m,Fri Jul 24 2026 10:00:40 GMT-0400 (Eastern Daylight Time),132502.7999999998,elated,900,I,m,,,865,,,6,1,3057.4000000003725,129445.39999999944,9084,napkin,AF,C,,,,,,,,,,13
14,prac,1,con,1,z,Fri Jul 24 2026 10:00:40 GMT-0400 (Eastern Daylight Time),135569.39999999944,elated,800,I,z,,,962,,,9,1,3055.5999999996275,132513.7999999998,9084,elated,AF,C,,,,,,,,,,14
15,prac,1,inc,1,z,Fri Jul 24 2026 10:00:40 GMT-0400 (Eastern Daylight Time),138786.09999999963,rock,900,I,z,,,1013,,,10,1,3206.9000000003725,135579.19999999925,9084,kind,AF,C,,,,,,,,,,15
16,prac,1,inc,1,m,Fri Jul 24 2026 10:00:40 GMT-0400 (Eastern Daylight Time),141902.69999999925,hate,1100,I,m,,,690,,,4,1,3100.7999999998137,138801.89999999944,9084,film,AF,C,,,,,,,,,,16
1,test,1,con,1,z,Fri Jul 24 2026 10:00:40 GMT-0400 (Eastern Daylight Time),164836.19999999925,love,800,I,z,z,None,745,545.0,200.0,17,1,2076.0,162760.19999999925,9084,love,AF,C,159478,159478,157951,158761,157952,160027,159277,159277,160027,1
2,test,1,con,1,m,Fri Jul 24 2026 10:00:40 GMT-0400 (Eastern Daylight Time),167035.89999999944,rock,1000,I,m,m,None,661,462.0,199.0,75,1,2189.7000000001863,164846.19999999925,9084,rock,AF,C,161761,161761,160037,161044,160038,162227,161561,161561,162227,2
3,test,1,inc,1,z,Fri Jul 24 2026 10:00:40 GMT-0400 (Eastern Daylight Time),169302.59999999963,film,1100,I,z,z,None,616,417.0,199.0,56,1,2255.2000000001863,167047.39999999944,9084,rage,AF,C,164061,164061,162238,163344,162239,164494,163861,163861,164494,3
4,test,1,inc,1,z,Fri Jul 24 2026 10:00:40 GMT-0400 (Eastern Daylight Time),171302.5,step,800,I,z,z,None,649,450.0,199.0,21,1,1990.1000000005588,169312.39999999944,9084,love,AF,C,166028,166028,164503,165311,164504,166494,165827,165828,166494,4
5,test,1,inc,1,z,Fri Jul 24 2026 10:00:40 GMT-0400 (Eastern Daylight Time),173252.5,rock,900,I,z,z,None,502,303.0,199.0,22,1,1940.300000000745,171312.19999999925,9084,love,AF,C,168128,168128,166503,167411,166504,168444,167928,167928,168443,5
6,test,1,con,1,m,Fri Jul 24 2026 10:00:40 GMT-0400 (Eastern Daylight Time),175352.59999999963,window,900,I,m,m,None,656,457.0,199.0,122,1,2090.2000000001863,173262.39999999944,9084,window,AF,C,170078,170078,168453,169361,168454,170544,169878,169878,170544,6
7,test,1,con,1,z,Fri Jul 24 2026 10:00:40 GMT-0400 (Eastern Daylight Time),177486.09999999963,rage,900,I,z,z,None,684,485.0,199.0,50,1,2120.9000000003725,175365.19999999925,9084,rage,AF,C,172178,172178,170556,171461,170557,172677,171978,171978,172677,7
8,test,1,con,1,m,Fri Jul 24 2026 10:00:40 GMT-0400 (Eastern Daylight Time),179719.2999999998,bell,900,I,m,m,None,791,592.0,199.0,82,1,2223.7999999998137,177495.5,9084,bell,AF,C,174311,174311,172687,173594,172687,174910,174111,174111,174910,8
9,test,1,inc,1,z,Fri Jul 24 2026 10:00:40 GMT-0400 (Eastern Daylight Time),181869.39999999944,remote,1000,I,z,z,None,603,403.0,200.0,7,1,2140.899999999441,179728.5,9084,elated,AF,C,176643,176643,174920,175927,174920,177061,176443,176443,177060,9
10,test,1,inc,1,z,Fri Jul 24 2026 10:00:40 GMT-0400 (Eastern Daylight Time),184336.0,bell,1000,I,z,z,None,917,717.0,200.0,23,1,2460.300000000745,181875.69999999925,9084,love,AF,C,178794,178794,177067,178077,177067,179527,178593,178593,179527,10
11,test,1,inc,1,z,Fri Jul 24 2026 10:00:40 GMT-0400 (Eastern Daylight Time),186769.2999999998,rock,900,I,z,z,None,989,790.0,199.0,14,1,2422.4000000003725,184346.89999999944,9084,kind,AF,C,181161,181161,179538,180444,179538,181960,180961,180961,181960,11
12,test,1,con,1,m,Fri Jul 24 2026 10:00:40 GMT-0400 (Eastern Daylight Time),188869.19999999925,bell,800,I,m,m,None,753,553.0,200.0,81,1,2090.2999999998137,186778.89999999944,9084,bell,AF,C,183494,183494,181970,182778,181970,184060,183294,183294,184060,12
13,test,1,con,1,z,Fri Jul 24 2026 10:00:40 GMT-0400 (Eastern Daylight Time),190936.19999999925,brutal,800,I,z,z,None,733,533.0,200.0,33,1,2057.0999999996275,188879.09999999963,9084,brutal,AF,C,185594,185594,184070,184877,184071,186127,185394,185394,186127,13
14,test,1,inc,1,m,Fri Jul 24 2026 10:00:40 GMT-0400 (Eastern Daylight Time),193119.0,kind,900,I,m,m,None,740,541.0,199.0,94,1,2174.0,190945.0,9084,film,AF,C,187761,187761,186136,187044,186137,188310,187561,187561,188310,14
15,test,1,inc,1,z,Fri Jul 24 2026 10:00:40 GMT-0400 (Eastern Daylight Time),195835.89999999944,remote,1000,I,z,z,None,1178,979.0,199.0,39,1,2711.0999999996275,193124.7999999998,9084,brutal,AF,C,190044,190044,188316,189327,188316,191027,189844,189844,191027,15
16,test,1,inc,1,z,Fri Jul 24 2026 10:00:40 GMT-0400 (Eastern Daylight Time),197902.69999999925,jacket,800,I,z,z,None,725,526.0,199.0,5,1,2057.899999999441,195844.7999999998,9084,elated,AF,C,192561,192561,191036,191844,191036,193094,192361,192361,193094,16
17,test,1,con,1,m,Fri Jul 24 2026 10:00:40 GMT-0400 (Eastern Daylight Time),199886.0,film,800,I,m,m,None,634,435.0,199.0,89,1,1971.7000000001863,197914.2999999998,9084,film,AF,C,194628,194628,193105,193911,193106,195077,194428,194428,195077,17
18,test,1,con,1,m,Fri Jul 24 2026 10:00:40 GMT-0400 (Eastern Daylight Time),202352.59999999963,step,900,I,m,m,None,1023,824.0,199.0,66,1,2456.7000000001863,199895.89999999944,9084,step,AF,C,196711,196711,195087,195994,195087,197544,196511,196511,197544,18
19,test,1,con,1,z,Fri Jul 24 2026 10:00:40 GMT-0400 (Eastern Daylight Time),204486.0,love,1100,I,z,z,None,485,285.0,200.0,20,1,2121.4000000003725,202364.59999999963,9084,love,AF,C,199377,199378,197556,198661,197556,199677,199177,199177,199677,19
20,test,1,inc,1,z,Fri Jul 24 2026 10:00:40 GMT-0400 (Eastern Daylight Time),206702.5,film,1100,I,z,z,None,567,368.0,199.0,16,1,2207.0,204495.5,9084,kind,AF,C,201511,201511,199687,200794,199687,201894,201311,201311,201893,20
21,test,1,con,1,z,Fri Jul 24 2026 10:00:40 GMT-0400 (Eastern Daylight Time),208836.0,elated,900,I,z,z,None,695,495.0,200.0,2,1,2124.7000000001863,206711.2999999998,9084,elated,AF,C,203527,203528,201902,202811,201903,204027,203327,203327,204027,21
22,test,1,con,1,z,Fri Jul 24 2026 10:00:40 GMT-0400 (Eastern Daylight Time),211019.19999999925,rage,800,I,z,z,None,845,646.0,199.0,49,1,2171.899999999441,208847.2999999998,9084,rage,AF,C,205561,205561,204038,204844,204039,206210,205361,205361,206210,22
23,test,1,inc,1,m,Fri Jul 24 2026 10:00:40 GMT-0400 (Eastern Daylight Time),213336.19999999925,friend,1100,I,m,m,None,683,483.0,200.0,112,1,2307.399999999441,211028.7999999998,9084,napkin,AF,C,208044,208044,206220,207328,206220,208527,207844,207844,208527,23
24,test,1,con,1,z,Fri Jul 24 2026 10:00:40 GMT-0400 (Eastern Daylight Time),215802.5,friend,1100,I,z,z,None,829,630.0,199.0,28,1,2458.2000000001863,213344.2999999998,9084,friend,AF,C,210361,210361,208535,209644,208536,210994,210161,210161,210994,24
25,test,1,inc,1,z,Fri Jul 24 2026 10:00:40 GMT-0400 (Eastern Daylight Time),218269.2999999998,window,1100,I,z,z,None,826,627.0,199.0,40,1,2457.600000000559,215811.69999999925,9084,brutal,AF,C,212828,212828,211003,212111,211003,213460,212628,212628,213460,25
26,test,1,con,1,m,Fri Jul 24 2026 10:00:40 GMT-0400 (Eastern Daylight Time),220369.2999999998,window,800,I,m,m,None,757,557.0,200.0,121,1,2090.600000000559,218278.69999999925,9084,window,AF,C,214994,214994,213470,214277,213470,215560,214794,214794,215560,26
27,test,1,inc,1,m,Fri Jul 24 2026 10:00:40 GMT-0400 (Eastern Daylight Time),222386.0,rage,800,I,m,m,None,673,473.0,200.0,85,1,2007.4000000003725,220378.59999999963,9084,bell,AF,C,217094,217094,215570,216377,215570,217577,216894,216894,217577,27
28,test,1,inc,1,z,Fri Jul 24 2026 10:00:40 GMT-0400 (Eastern Daylight Time),224452.69999999925,napkin,900,I,z,z,None,619,420.0,199.0,30,1,2058.0,222394.69999999925,9084,friend,AF,C,219211,219211,217586,218494,217586,219644,219011,219011,219644,28
29,test,1,con,1,z,Fri Jul 24 2026 10:00:40 GMT-0400 (Eastern Daylight Time),226752.39999999944,brutal,900,I,z,z,None,856,656.0,200.0,34,1,2291.0999999996275,224461.2999999998,9084,brutal,AF,C,221278,221278,219652,220561,219653,221944,221077,221077,221943,29
30,test,1,con,1,m,Fri Jul 24 2026 10:00:40 GMT-0400 (Eastern Daylight Time),229036.0,film,1100,I,m,m,None,644,445.0,199.0,92,1,2275.800000000745,226760.19999999925,9084,film,AF,C,223778,223778,221951,223061,221952,224227,223577,223578,224227,30
31,test,1,con,1,m,Fri Jul 24 2026 10:00:40 GMT-0400 (Eastern Daylight Time),231736.0,rock,1100,I,m,m,None,1057,858.0,199.0,76,1,2690.7000000001863,229045.2999999998,9084,rock,AF,C,226061,226061,224236,225344,224237,226927,225861,225861,226927,31
32,test,1,con,1,m,Fri Jul 24 2026 10:00:40 GMT-0400 (Eastern Daylight Time),233685.89999999944,rock,800,I,m,m,None,601,402.0,199.0,73,1,1935.3999999994412,231750.5,9084,rock,AF,C,228461,228461,226942,227744,226942,228877,228261,228261,228877,32
33,test,1,con,1,z,Fri Jul 24 2026 10:00:40 GMT-0400 (Eastern Daylight Time),235852.5,hate,900,I,z,z,None,727,528.0,199.0,42,1,2156.4000000003725,233696.09999999963,9084,hate,AF,C,230511,230511,228887,229794,228887,231044,230311,230311,231044,33
34,test,1,con,1,z,Fri Jul 24 2026 10:00:40 GMT-0400 (Eastern Daylight Time),238269.0,temper,1100,I,z,z,None,769,569.0,200.0,60,1,2406.9000000003725,235862.09999999963,9084,temper,AF,C,232878,232878,231053,232161,231053,233460,232677,232677,233460,34
35,test,1,con,1,m,Fri Jul 24 2026 10:00:40 GMT-0400 (Eastern Daylight Time),240469.39999999944,window,1000,I,m,m,None,660,460.0,200.0,123,1,2195.0,238274.39999999944,9084,window,AF,C,235195,235195,233465,234478,233466,235661,234994,234994,235660,35
36,test,1,con,1,z,Fri Jul 24 2026 10:00:40 GMT-0400 (Eastern Daylight Time),242769.39999999944,friend,1000,I,z,z,None,757,557.0,200.0,27,1,2290.5,240478.89999999944,9084,friend,AF,C,237394,237394,235670,236677,235670,237960,237194,237194,237960,36
37,test,1,inc,1,z,Fri Jul 24 2026 10:00:40 GMT-0400 (Eastern Daylight Time),244752.59999999963,step,800,I,z,z,None,649,449.0,200.0,13,1,1973.5,242779.09999999963,9084,kind,AF,C,239494,239494,237970,238777,237971,239944,239294,239294,239944,37
38,test,1,inc,1,z,Fri Jul 24 2026 10:00:40 GMT-0400 (Eastern Daylight Time),247002.59999999963,film,1100,I,z,z,None,604,405.0,199.0,24,1,2240.5999999996275,244762.0,9084,love,AF,C,241778,241778,239953,241060,239953,242194,241577,241578,242194,38
39,test,1,con,1,m,Fri Jul 24 2026 10:00:40 GMT-0400 (Eastern Daylight Time),249352.69999999925,jacket,1100,I,m,m,None,698,499.0,199.0,100,1,2341.2999999998137,247011.39999999944,9084,jacket,AF,C,244028,244028,242202,243311,242203,244544,243828,243828,244544,39
40,test,1,inc,1,m,Fri Jul 24 2026 10:00:40 GMT-0400 (Eastern Daylight Time),251402.2999999998,rage,800,I,m,m,None,712,513.0,199.0,69,1,2040.6000000005588,249361.69999999925,9084,step,AF,C,246078,246078,244553,245361,244553,246593,245877,245878,246593,40
41,test,1,con,1,m,Fri Jul 24 2026 10:00:40 GMT-0400 (Eastern Daylight Time),253386.0,film,900,I,m,m,None,538,339.0,199.0,90,1,1974.1000000005588,251411.89999999944,9084,film,AF,C,248227,248228,246603,247511,246603,248577,248027,248028,248577,41
41,test,1,con,0,z,Fri Jul 24 2026 10:00:40 GMT-0400 (Eastern Daylight Time),255286.0,kind,900,I,m,m,None,459,260.0,199.0,10,1,1889.800000000745,253396.19999999925,9084,kind,AF,C,250211,250211,248587,249494,248587,250477,250011,250011,250477,42
42,test,1,inc,1,m,Fri Jul 24 2026 10:00:40 GMT-0400 (Eastern Daylight Time),257736.09999999963,temper,1000,I,m,m,None,899,700.0,199.0,127,1,2440.7999999998137,255295.2999999998,9084,window,AF,C,252211,252211,250486,251494,250487,252927,252011,252011,252927,43
43,test,1,inc,1,z,Fri Jul 24 2026 10:00:40 GMT-0400 (Eastern Daylight Time),260036.09999999963,step,800,I,z,z,None,953,754.0,199.0,45,1,2291.2999999998137,257744.7999999998,9084,hate,AF,C,254461,254461,252936,253744,252936,255227,254261,254261,255227,44
44,test,1,inc,1,m,Fri Jul 24 2026 10:00:40 GMT-0400 (Eastern Daylight Time),262136.5,brutal,900,I,m,m,None,665,466.0,199.0,126,1,2090.9000000003725,260045.59999999963,9084,window,AF,C,256861,256861,255237,256144,255237,257328,256661,256661,257328,45
45,test,1,inc,1,z,Fri Jul 24 2026 10:00:40 GMT-0400 (Eastern Daylight Time),265019.2999999998,film,1100,I,z,z,None,1245,1046.0,199.0,48,1,2873.4000000003725,262145.89999999944,9084,hate,AF,C,259161,259161,257337,258444,257337,260210,258961,258961,260210,46
46,test,1,inc,1,z,Fri Jul 24 2026 10:00:40 GMT-0400 (Eastern Daylight Time),267002.5999999996,step,800,I,z,z,None,647,447.0,200.0,53,1,1972.2999999998137,265030.2999999998,9084,rage,AF,C,261744,261744,260221,261027,260222,262194,261544,261544,262194,47
47,test,1,con,1,z,Fri Jul 24 2026 10:00:40 GMT-0400 (Eastern Daylight Time),269002.69999999925,elated,800,I,z,z,None,655,455.0,200.0,1,1,1988.2999999998137,267014.39999999944,9084,elated,AF,C,263728,263728,262205,263011,262206,264194,263527,263527,264194,48
48,test,1,con,1,z,Fri Jul 24 2026 10:00:40 GMT-0400 (Eastern Daylight Time),271385.69999999925,rage,1100,I,z,z,None,746,547.0,199.0,52,1,2374.199999999255,269011.5,9084,rage,AF,C,266028,266028,264203,265311,264203,266577,265828,265828,266577,49
49,test,1,con,1,m,Fri Jul 24 2026 10:00:40 GMT-0400 (Eastern Daylight Time),273502.5999999996,remote,800,I,m,m,None,775,576.0,199.0,113,1,2108.0,271394.5999999996,9084,remote,AF,C,268111,268111,266586,267394,266586,268694,267911,267911,268694,50
50,test,1,inc,1,m,Fri Jul 24 2026 10:00:40 GMT-0400 (Eastern Daylight Time),275902.39999999944,hate,1100,I,m,m,None,750,550.0,200.0,72,1,2390.5,273511.89999999944,9084,step,AF,C,270528,270528,268703,269811,268703,271093,270327,270327,271093,51
51,test,1,inc,1,z,Fri Jul 24 2026 10:00:40 GMT-0400 (Eastern Daylight Time),278136.0999999996,napkin,900,I,z,z,None,790,591.0,199.0,62,1,2225.7000000001863,275910.39999999944,9084,temper,AF,C,272728,272728,271101,272011,271102,273327,272528,272528,273327,52
52,test,1,inc,1,m,Fri Jul 24 2026 10:00:40 GMT-0400 (Eastern Daylight Time),280402.5,hate,1100,I,m,m,None,629,430.0,199.0,96,1,2255.100000000559,278147.39999999944,9084,film,AF,C,275161,275161,273338,274444,273339,275594,274961,274961,275594,53
53,test,1,inc,1,z,Fri Jul 24 2026 10:00:40 GMT-0400 (Eastern Daylight Time),282785.69999999925,window,1100,I,z,z,None,747,547.0,200.0,64,1,2373.899999999441,280411.7999999998,9084,temper,AF,C,277428,277428,275603,276711,275603,277977,277227,277227,277977,54
54,test,1,con,1,z,Fri Jul 24 2026 10:00:40 GMT-0400 (Eastern Daylight Time),284919.2999999998,temper,900,I,z,z,None,683,484.0,199.0,58,1,2124.600000000559,282794.69999999925,9084,temper,AF,C,279611,279611,277986,278894,277986,280110,279411,279411,280110,55
55,test,1,con,1,m,Fri Jul 24 2026 10:00:40 GMT-0400 (Eastern Daylight Time),287119.2999999998,step,1000,I,m,m,None,659,459.0,200.0,67,1,2191.100000000559,284928.19999999925,9084,step,AF,C,281844,281844,280119,281128,280120,282310,281644,281644,282310,56
56,test,1,inc,1,z,Fri Jul 24 2026 10:00:40 GMT-0400 (Eastern Daylight Time),289152.7999999998,jacket,800,I,z,z,None,691,491.0,200.0,29,1,2023.7999999998137,287129.0,9084,friend,AF,C,283844,283844,282320,283128,282320,284344,283644,283644,284344,57
57,test,1,inc,1,m,Fri Jul 24 2026 10:00:40 GMT-0400 (Eastern Daylight Time),291402.69999999925,temper,1000,I,m,m,None,704,505.0,199.0,103,1,2241.0999999996275,289161.5999999996,9084,jacket,AF,C,286078,286078,284353,285361,284353,286594,285877,285878,286594,58
58,test,1,inc,1,z,Fri Jul 24 2026 10:00:40 GMT-0400 (Eastern Daylight Time),293369.2999999998,jacket,800,I,z,z,None,623,423.0,200.0,37,1,1957.5,291411.7999999998,9084,brutal,AF,C,288128,288128,286603,287411,286603,288560,287927,287927,288560,59
59,test,1,con,1,m,Fri Jul 24 2026 10:00:40 GMT-0400 (Eastern Daylight Time),295719.39999999944,napkin,1000,I,m,m,None,809,609.0,200.0,107,1,2341.7999999998137,293377.5999999996,9084,napkin,AF,C,290294,290294,288569,289578,288569,290910,290094,290094,290910,60
60,test,1,inc,1,m,Fri Jul 24 2026 10:00:40 GMT-0400 (Eastern Daylight Time),298119.2999999998,friend,1100,I,m,m,None,759,559.0,200.0,120,1,2390.5,295728.7999999998,9084,remote,AF,C,292744,292744,290920,292028,290920,293310,292544,292544,293310,61
61,test,1,inc,1,m,Fri Jul 24 2026 10:00:40 GMT-0400 (Eastern Daylight Time),300086.0999999996,elated,800,I,m,m,None,627,427.0,200.0,109,1,1957.2999999998137,298128.7999999998,9084,napkin,AF,C,294844,294844,293320,294128,293320,295277,294644,294644,295277,62
62,test,1,con,1,z,Fri Jul 24 2026 10:00:40 GMT-0400 (Eastern Daylight Time),302602.5999999996,love,1000,I,z,z,None,979,780.0,199.0,19,1,2506.4000000003725,300096.19999999925,9084,love,AF,C,297011,297011,295287,296294,295288,297794,296811,296811,297794,63
63,test,1,con,1,z,Fri Jul 24 2026 10:00:40 GMT-0400 (Eastern Daylight Time),304919.39999999944,brutal,1100,I,z,z,None,675,476.0,199.0,36,1,2307.0999999996275,302612.2999999998,9084,brutal,AF,C,299627,299627,297803,298911,297804,300110,299428,299428,300110,64
64,test,1,inc,1,m,Fri Jul 24 2026 10:00:40 GMT-0400 (Eastern Daylight Time),306852.69999999925,rage,800,I,m,m,None,587,387.0,200.0,77,1,1923.7999999998137,304928.89999999944,9084,rock,AF,C,301644,301644,300120,300928,300120,302044,301444,301444,302044,65
65,test,1,con,1,z,Fri Jul 24 2026 10:00:40 GMT-0400 (Eastern Daylight Time),309336.0999999996,kind,1100,I,z,z,None,833,633.0,200.0,12,1,2474.7000000001863,306861.39999999944,9084,kind,AF,C,303877,303878,302052,303161,302053,304527,303677,303677,304527,66
66,test,1,con,1,m,Fri Jul 24 2026 10:00:40 GMT-0400 (Eastern Daylight Time),311369.2999999998,step,800,I,m,m,None,689,490.0,199.0,65,1,2023.6000000005588,309345.69999999925,9084,step,AF,C,306061,306061,304537,305344,304537,306561,305861,305861,306560,67
67,test,1,inc,1,z,Fri Jul 24 2026 10:00:40 GMT-0400 (Eastern Daylight Time),313502.69999999925,napkin,900,I,z,z,None,693,493.0,200.0,6,1,2124.899999999441,311377.7999999998,9084,elated,AF,C,308194,308194,306569,307478,306569,308694,307994,307994,308694,68
68,test,1,inc,1,z,Fri Jul 24 2026 10:00:40 GMT-0400 (Eastern Daylight Time),315719.39999999944,remote,1000,I,z,z,None,674,475.0,199.0,63,1,2207.5999999996275,313511.7999999998,9084,temper,AF,C,310428,310428,308703,309711,308703,310910,310228,310228,310910,69
69,test,1,inc,1,m,Fri Jul 24 2026 10:00:40 GMT-0400 (Eastern Daylight Time),317736.0999999996,elated,800,I,m,m,None,667,467.0,200.0,125,1,2007.9000000003725,315728.19999999925,9084,window,AF,C,312444,312444,310919,311728,310920,312927,312244,312244,312927,70
70,test,1,con,1,m,Fri Jul 24 2026 10:00:40 GMT-0400 (Eastern Daylight Time),320036.0,window,1100,I,m,m,None,661,462.0,199.0,124,1,2290.4000000003725,317745.5999999996,9084,window,AF,C,314761,314761,312937,314044,312937,315227,314561,314561,315227,71
71,test,1,con,1,z,Fri Jul 24 2026 10:00:40 GMT-0400 (Eastern Daylight Time),322135.7999999998,kind,1000,I,z,z,None,556,357.0,199.0,11,1,2091.0,320044.7999999998,9084,kind,AF,C,316961,316961,315236,316244,315236,317327,316761,316761,317327,72
72,test,1,con,1,z,Fri Jul 24 2026 10:00:40 GMT-0400 (Eastern Daylight Time),324102.69999999925,hate,800,I,z,z,None,625,426.0,199.0,41,1,1960.5999999996275,322142.0999999996,9084,hate,AF,C,318861,318861,317333,318144,317334,319294,318661,318661,319294,73
73,test,1,con,1,m,Fri Jul 24 2026 10:00:40 GMT-0400 (Eastern Daylight Time),326369.19999999925,remote,1100,I,m,m,None,630,431.0,199.0,116,1,2252.199999999255,324117.0,9084,remote,AF,C,321128,321128,319308,320411,319309,321560,320928,320928,321560,74
74,test,1,inc,1,m,Fri Jul 24 2026 10:00:40 GMT-0400 (Eastern Daylight Time),328619.2999999998,love,1000,I,m,m,None,713,513.0,200.0,87,1,2240.7000000001863,326378.5999999996,9084,bell,AF,C,323294,323294,321570,322578,321570,323810,323094,323094,323810,75
75,test,1,inc,1,m,Fri Jul 24 2026 10:00:40 GMT-0400 (Eastern Daylight Time),330669.39999999944,kind,900,I,m,m,None,603,403.0,200.0,78,1,2041.0999999996275,328628.2999999998,9084,rock,AF,C,325444,325444,323819,324727,323820,325861,325244,325244,325860,76
76,test,1,inc,1,z,Fri Jul 24 2026 10:00:40 GMT-0400 (Eastern Daylight Time),332819.39999999944,napkin,900,I,z,z,None,705,505.0,200.0,38,1,2140.899999999441,330678.5,9084,brutal,AF,C,327494,327494,325869,326778,325870,328011,327294,327294,328010,77
77,test,1,con,1,z,Fri Jul 24 2026 10:00:40 GMT-0400 (Eastern Daylight Time),335236.0,elated,1100,I,z,z,None,779,579.0,200.0,4,1,2406.800000000745,332829.19999999925,9084,elated,AF,C,329844,329844,328020,329127,328020,330427,329644,329644,330427,78
78,test,1,con,1,m,Fri Jul 24 2026 10:00:40 GMT-0400 (Eastern Daylight Time),337602.5999999996,bell,1100,I,m,m,None,729,530.0,199.0,84,1,2358.0999999996275,335244.5,9084,bell,AF,C,332261,332261,330436,331544,330436,332794,332061,332061,332794,79
79,test,1,inc,1,z,Fri Jul 24 2026 10:00:40 GMT-0400 (Eastern Daylight Time),339836.0999999996,remote,1000,I,z,z,None,687,487.0,200.0,31,1,2223.5999999996275,337612.5,9084,friend,AF,C,334528,334528,332804,333811,332804,335027,334327,334327,335027,80
80,test,1,inc,1,z,Fri Jul 24 2026 10:00:40 GMT-0400 (Eastern Daylight Time),341969.39999999944,bell,1000,I,z,z,None,589,390.0,199.0,47,1,2124.2000000001863,339845.19999999925,9084,hate,AF,C,336761,336761,335036,336044,335037,337161,336561,336561,337160,81
81,test,1,inc,1,z,Fri Jul 24 2026 10:00:40 GMT-0400 (Eastern Daylight Time),344136.0999999996,bell,1000,I,z,z,None,616,416.0,200.0,55,1,2158.0999999996275,341978.0,9084,rage,AF,C,338895,338895,337169,338178,337169,339327,338694,338694,339327,82
82,test,1,inc,1,m,Fri Jul 24 2026 10:00:40 GMT-0400 (Eastern Daylight Time),346302.69999999925,love,1000,I,m,m,None,625,426.0,199.0,71,1,2158.699999999255,344144.0,9084,step,AF,C,341061,341061,339335,340344,339335,341494,340861,340861,341494,83
83,test,1,inc,1,m,Fri Jul 24 2026 10:00:40 GMT-0400 (Eastern Daylight Time),348385.7999999998,elated,800,I,m,m,None,746,547.0,199.0,117,1,2074.0,346311.7999999998,9084,remote,AF,C,343028,343028,341503,342311,341503,343577,342828,342828,343577,84
84,test,1,inc,1,m,Fri Jul 24 2026 10:00:40 GMT-0400 (Eastern Daylight Time),350619.5,friend,1100,I,m,m,None,587,388.0,199.0,104,1,2224.800000000745,348394.69999999925,9084,jacket,AF,C,345411,345411,343586,344694,343586,345811,345211,345211,345810,85
85,test,1,con,1,m,Fri Jul 24 2026 10:00:40 GMT-0400 (Eastern Daylight Time),352869.39999999944,napkin,1100,I,m,m,None,611,411.0,200.0,108,1,2241.2999999998137,350628.0999999996,9084,napkin,AF,C,347644,347644,345819,346927,345819,348061,347444,347444,348060,86
86,test,1,inc,1,m,Fri Jul 24 2026 10:00:40 GMT-0400 (Eastern Daylight Time),354802.69999999925,elated,800,I,m,m,None,589,389.0,200.0,101,1,1922.5,352880.19999999925,9084,jacket,AF,C,349594,349594,348071,348877,348072,349994,349394,349394,349994,87
87,test,1,inc,1,m,Fri Jul 24 2026 10:00:40 GMT-0400 (Eastern Daylight Time),356936.19999999925,kind,900,I,m,m,None,682,483.0,199.0,70,1,2123.7999999998137,354812.39999999944,9084,step,AF,C,351628,351628,350003,350911,350004,352127,351428,351428,352127,88
88,test,1,inc,1,z,Fri Jul 24 2026 10:00:40 GMT-0400 (Eastern Daylight Time),359302.69999999925,window,1100,I,z,z,None,725,526.0,199.0,8,1,2357.899999999441,356944.7999999998,9084,elated,AF,C,353961,353961,352136,353244,352136,354494,353761,353761,354494,89
89,test,1,inc,1,m,Fri Jul 24 2026 10:00:40 GMT-0400 (Eastern Daylight Time),361369.2999999998,brutal,900,I,m,m,None,623,423.0,200.0,102,1,2057.2999999998137,359312.0,9084,jacket,AF,C,356128,356128,354503,355411,354503,356560,355927,355927,356560,90
90,test,1,inc,1,m,Fri Jul 24 2026 10:00:40 GMT-0400 (Eastern Daylight Time),363486.0999999996,brutal,900,I,m,m,None,677,477.0,200.0,110,1,2107.2999999998137,361378.7999999998,9084,napkin,AF,C,358194,358194,356570,357478,356570,358677,357994,357994,358677,91
91,test,1,inc,1,z,Fri Jul 24 2026 10:00:40 GMT-0400 (Eastern Daylight Time),365636.0999999996,rock,900,I,z,z,None,711,512.0,199.0,54,1,2135.0999999996275,363501.0,9084,rage,AF,C,360311,360311,358692,359594,358693,360827,360111,360111,360827,92
92,test,1,inc,1,m,Fri Jul 24 2026 10:00:40 GMT-0400 (Eastern Daylight Time),367669.39999999944,rage,800,I,m,m,None,693,494.0,199.0,93,1,2024.5999999996275,365644.7999999998,9084,film,AF,C,362361,362361,360836,361644,360836,362860,362161,362161,362860,93
93,test,1,con,1,z,Fri Jul 24 2026 10:00:40 GMT-0400 (Eastern Daylight Time),369752.69999999925,temper,800,I,z,z,None,740,540.0,200.0,57,1,2074.5,367678.19999999925,9084,temper,AF,C,364394,364395,362869,363678,362869,364944,364194,364194,364944,94
94,test,1,con,1,z,Fri Jul 24 2026 10:00:40 GMT-0400 (Eastern Daylight Time),371652.5999999996,love,900,I,z,z,None,460,261.0,199.0,18,1,1890.5999999996275,369762.0,9084,love,AF,C,366578,366578,364953,365861,364953,366844,366378,366378,366844,95
95,test,1,con,1,m,Fri Jul 24 2026 10:00:40 GMT-0400 (Eastern Daylight Time),373602.5999999996,jacket,800,I,m,m,None,604,405.0,199.0,97,1,1941.4000000003725,371661.19999999925,9084,jacket,AF,C,368378,368378,366852,367661,366853,368794,368178,368178,368794,96
96,test,1,con,1,m,Fri Jul 24 2026 10:00:40 GMT-0400 (Eastern Daylight Time),375652.69999999925,rock,900,I,m,m,None,610,411.0,199.0,74,1,2041.0999999996275,373611.5999999996,9084,rock,AF,C,370428,370428,368803,369711,368803,370844,370228,370228,370844,97
97,test,1,con,1,m,Fri Jul 24 2026 10:00:40 GMT-0400 (Eastern Daylight Time),377786.0999999996,napkin,800,I,m,m,None,773,573.0,200.0,105,1,2117.7999999998137,375668.2999999998,9084,napkin,AF,C,372394,372394,370859,371678,370860,372977,372194,372194,372977,98
98,test,1,inc,1,z,Fri Jul 24 2026 10:00:40 GMT-0400 (Eastern Daylight Time),379619.39999999944,jacket,800,I,z,z,None,486,287.0,199.0,61,1,1823.5,377795.89999999944,9084,temper,AF,C,374512,374512,372987,373794,372987,374811,374311,374311,374810,99
99,test,1,con,1,z,Fri Jul 24 2026 10:00:40 GMT-0400 (Eastern Daylight Time),381619.39999999944,friend,800,I,z,z,None,663,463.0,200.0,25,1,1990.7000000001863,379628.69999999925,9084,friend,AF,C,376344,376344,374820,375628,374820,376810,376144,376144,376810,100
100,test,1,inc,1,m,Fri Jul 24 2026 10:00:40 GMT-0400 (Eastern Daylight Time),383802.39999999944,hate,1100,I,m,m,None,547,347.0,200.0,80,1,2173.7999999998137,381628.5999999996,9084,rock,AF,C,378644,378644,376820,377928,376820,378994,378444,378444,378993,101
101,test,1,con,1,m,Fri Jul 24 2026 10:00:40 GMT-0400 (Eastern Daylight Time),386069.2999999998,step,1100,I,m,m,None,618,419.0,199.0,68,1,2258.2000000001863,383811.0999999996,9084,step,AF,C,380828,380828,379002,380111,379002,381261,380627,380628,381260,102
102,test,1,inc,1,m,Fri Jul 24 2026 10:00:40 GMT-0400 (Eastern Daylight Time),388169.39999999944,brutal,900,I,m,m,None,657,457.0,200.0,118,1,2091.5999999996275,386077.7999999998,9084,remote,AF,C,382894,382894,381269,382178,381269,383361,382694,382694,383360,103
103,test,1,con,1,z,Fri Jul 24 2026 10:00:40 GMT-0400 (Eastern Daylight Time),390486.0,hate,1100,I,z,z,None,677,477.0,200.0,44,1,2308.4000000003725,388177.5999999996,9084,hate,AF,C,385194,385194,383369,384477,383369,385677,384994,384994,385677,104
104,test,1,inc,1,z,Fri Jul 24 2026 10:00:40 GMT-0400 (Eastern Daylight Time),392702.7999999998,window,1100,I,z,z,None,567,368.0,199.0,32,1,2208.0,390494.7999999998,9084,friend,AF,C,387511,387511,385686,386794,385686,387894,387311,387311,387894,105
105,test,1,con,1,z,Fri Jul 24 2026 10:00:40 GMT-0400 (Eastern Daylight Time),394852.89999999944,brutal,1000,I,z,z,None,610,411.0,199.0,35,1,2139.5,392713.39999999944,9084,brutal,AF,C,389628,389628,387904,388911,387905,390044,389428,389428,390044,106
106,test,1,con,1,m,Fri Jul 24 2026 10:00:40 GMT-0400 (Eastern Daylight Time),397002.69999999925,jacket,1000,I,m,m,None,612,413.0,199.0,99,1,2137.899999999441,394864.7999999998,9084,jacket,AF,C,391777,391778,390056,391061,390056,392194,391578,391578,392194,107
107,test,1,inc,1,z,Fri Jul 24 2026 10:00:40 GMT-0400 (Eastern Daylight Time),399202.7999999998,bell,1000,I,z,z,None,654,455.0,199.0,15,1,2190.7000000001863,397012.0999999996,9084,kind,AF,C,393928,393928,392203,393211,392204,394394,393728,393728,394394,108
108,test,1,con,1,z,Fri Jul 24 2026 10:00:40 GMT-0400 (Eastern Daylight Time),401469.2999999998,hate,1000,I,z,z,None,718,519.0,199.0,43,1,2257.600000000559,399211.69999999925,9084,hate,AF,C,396128,396128,394403,395411,394403,396660,395928,395928,396660,109
109,test,1,inc,1,z,Fri Jul 24 2026 10:00:40 GMT-0400 (Eastern Daylight Time),403436.0999999996,rock,900,I,z,z,None,529,329.0,200.0,46,1,1957.9000000003725,401478.19999999925,9084,hate,AF,C,398294,398294,396669,397577,396670,398627,398094,398094,398627,110
110,test,1,con,1,m,Fri Jul 24 2026 10:00:40 GMT-0400 (Eastern Daylight Time),405569.0999999996,jacket,900,I,m,m,None,697,498.0,199.0,98,1,2123.2000000001863,403445.89999999944,9084,jacket,AF,C,400261,400261,398637,399544,398637,400760,400061,400061,400760,111
111,test,1,con,1,z,Fri Jul 24 2026 10:00:40 GMT-0400 (Eastern Daylight Time),407769.39999999944,friend,900,I,z,z,None,757,557.0,200.0,26,1,2192.5,405576.89999999944,9084,friend,AF,C,402394,402394,400768,401677,400768,402961,402194,402194,402960,112
112,test,1,con,1,z,Fri Jul 24 2026 10:00:40 GMT-0400 (Eastern Daylight Time),409969.19999999925,temper,1000,I,z,z,None,665,465.0,200.0,59,1,2190.0,407779.19999999925,9084,temper,AF,C,404694,404694,402970,403977,402970,405160,404494,404494,405160,113
113,test,1,con,1,m,Fri Jul 24 2026 10:00:40 GMT-0400 (Eastern Daylight Time),412069.39999999944,remote,900,I,m,m,None,653,453.0,200.0,114,1,2091.399999999441,409978.0,9084,remote,AF,C,406794,406794,405169,406077,405169,407260,406594,406594,407260,114
114,test,1,con,1,m,Fri Jul 24 2026 10:00:40 GMT-0400 (Eastern Daylight Time),414252.5999999996,remote,1000,I,m,m,None,637,437.0,200.0,115,1,2174.2000000001863,412078.39999999944,9084,remote,AF,C,408994,408994,407269,408278,407270,409444,408794,408794,409444,115
115,test,1,con,1,m,Fri Jul 24 2026 10:00:40 GMT-0400 (Eastern Daylight Time),416536.5999999996,bell,1000,I,m,m,None,749,549.0,200.0,83,1,2274.7999999998137,414261.7999999998,9084,bell,AF,C,411178,411178,409453,410461,409453,411728,410977,410977,411728,116
116,test,1,inc,1,m,Fri Jul 24 2026 10:00:40 GMT-0400 (Eastern Daylight Time),418819.5,temper,1000,I,m,m,None,738,539.0,199.0,111,1,2272.5,416547.0,9084,napkin,AF,C,413460,413460,411738,412744,411738,414011,413261,413261,414010,117
117,test,1,con,1,z,Fri Jul 24 2026 10:00:40 GMT-0400 (Eastern Daylight Time),421119.5,elated,1000,I,z,z,None,759,559.0,200.0,3,1,2292.300000000745,418827.19999999925,9084,elated,AF,C,415744,415744,414018,415028,414019,416311,415544,415544,416310,118
118,test,1,inc,1,m,Fri Jul 24 2026 10:00:40 GMT-0400 (Eastern Daylight Time),423302.69999999925,love,1000,I,m,m,None,643,443.0,200.0,95,1,2175.0999999996275,421127.5999999996,9084,film,AF,C,418044,418044,416319,417328,416319,418494,417844,417844,418494,119
119,test,1,con,1,z,Fri Jul 24 2026 10:00:40 GMT-0400 (Eastern Daylight Time),425352.7999999998,kind,800,I,z,z,None,707,507.0,200.0,9,1,2041.1000000005588,423311.69999999925,9084,kind,AF,C,420028,420028,418503,419311,418503,420544,419827,419827,420544,120
120,test,1,inc,1,m,Fri Jul 24 2026 10:00:40 GMT-0400 (Eastern Daylight Time),427536.19999999925,temper,1000,I,m,m,None,640,441.0,199.0,119,1,2174.5,425361.69999999925,9084,remote,AF,C,422278,422278,420553,421561,420553,422727,422078,422078,422727,121
121,test,1,con,1,z,Fri Jul 24 2026 10:00:40 GMT-0400 (Eastern Daylight Time),429752.69999999925,rage,1000,I,z,z,None,681,482.0,199.0,51,1,2207.5999999996275,427545.0999999996,9084,rage,AF,C,424461,424461,422736,423745,422736,424944,424261,424261,424944,122
122,test,1,con,1,m,Fri Jul 24 2026 10:00:40 GMT-0400 (Eastern Daylight Time),431935.89999999944,film,1000,I,m,m,None,633,433.0,200.0,91,1,2173.5999999996275,429762.2999999998,9084,film,AF,C,426677,426678,424953,425961,424954,427127,426477,426477,427127,123
123,test,1,inc,1,m,Fri Jul 24 2026 10:00:40 GMT-0400 (Eastern Daylight Time),434269.39999999944,hate,1100,I,m,m,None,685,486.0,199.0,88,1,2324.0999999996275,431945.2999999998,9084,bell,AF,C,428961,428961,427136,428244,427137,429460,428761,428761,429460,124
124,test,1,inc,1,m,Fri Jul 24 2026 10:00:40 GMT-0400 (Eastern Daylight Time),436369.2999999998,love,1000,I,m,m,None,565,365.0,200.0,79,1,2091.0,434278.2999999998,9084,rock,AF,C,431194,431194,429469,430478,429470,431560,430994,430994,431560,125
125,test,1,inc,1,m,Fri Jul 24 2026 10:00:40 GMT-0400 (Eastern Daylight Time),438719.39999999944,friend,1100,I,m,m,None,701,501.0,200.0,128,1,2339.2999999998137,436380.0999999996,9084,window,AF,C,433394,433394,431571,432678,431571,433911,433194,433194,433910,126
126,test,1,con,1,m,Fri Jul 24 2026 10:00:40 GMT-0400 (Eastern Daylight Time),440802.7999999998,napkin,900,I,m,m,None,639,439.0,200.0,106,1,2075.2000000001863,438727.5999999996,9084,napkin,AF,C,435544,435544,433919,434828,433919,435994,435344,435344,435994,127
127,test,1,inc,1,m,Fri Jul 24 2026 10:00:40 GMT-0400 (Eastern Daylight Time),442886.0999999996,kind,900,I,m,m,None,643,443.0,200.0,86,1,2072.4000000003725,440813.69999999925,9084,bell,AF,C,437628,437628,436005,436911,436005,438077,437427,437427,438077,128
